Comentário;Classificação
Aprendi mto coisa com esse vídeo, agr estou mais confiante que não vou conquistar ngm;Elogio
Esses assuntos são legais de mais, porém eu tenho um medo de me aprofundar nisso, e ficar julgando as pessoas ao meu redor direto. Isso acontece com você por acaso ?;Elogio e Critica
Você é bem profissional na área mesmo. A maioria dos homens que falam sobre o assunto sempre ficam apenas nos gestos femininos, mas nesse vídeo você foi mais completo, falou sobre os homens também. Ótimo vídeo!;Elogio
Seduzir é fácil, difícil é acreditar em AMOR.;Opiniao
Se eu ver um cara desconhecido olhando fixamente pra mim, com os pes na minha direção, já saio logo correndo pq sei que é ladrão rsrsrsrs.;Opiniao
Às vezes o medo é de dar certo!;Opiniao
"""Eu tentei 100 vezes, eu errei 100 vezes mas na 101 vez eu consegui"" _ Albert Einstein";Opiniao
Sou muito perfeccionista,começo as coisas empolgada e de repente quando algo não saí como espero eu desisto do que estou fazendo.Isso é péssimo pois nada nunca é terminado por mais que eu queira muito terminar.;Opiniao
Não preciso ser perfeito. Preciso ser satisfatório !;Opiniao
Ótimo video,vc é fod*! Além de análises de videos,trás mentalidade e outros conhecimentos! Like;Elogio
"Caramba… nunca tinha parado pra pensar nessa questão da ""recompensa escondida"". Fico muito grato por você compartilhar essa informação com a gente";Elogio
Vlw Vitor. Tava precisando desses conselhos!;Elogio
Nunca me interessei em assistir Sherlock, mas depois desse vídeo me deu muita vontade.;Opiniao
Não entendi nada do vídeo pq não consegui focar;Critica
Faz um vídeo analisando o depoimento de Tiririca;Sugestao
Ótimo vídeo!!! Sherlock, Melhor série que já assisti até hoje!;Elogio
"Vitor, me tira uma dúvida, sempre achei que ""o mesmo"" não é pronome, portanto não posso referenciar um sujeito. Estou errado o tempo todo? Kkkkk";Duvida
Se um dia for possivel, gostaria de assistir uma análise do personagem Jim Moriarty sobre suas reações e expressões.;Sugestao
Incrível! Sherlock é um génio, a obra parece ser muito boa e interessante, com certeza irei assistir a série e procurar sobre. As 'dicas' do detetive Sherlock é realmente incrivel!;Elogio
Vou aplicar essas dicas! A propósito a serie Sherlock é simplismente incrível!;Elogio
Muito bom esse vídeo Victor! Eu sou muito fã do Sherlock Holmes ele é mais do que um homem, ele é um brilhante homem!;Elogio
Excelente vídeo. Vou observar mais esse seriado. A propósito, calma...fala muito rápido. Respire;Elogio e Sugestao
Simplesmente incrível!!! Sempre achei que fosse impossível ter toda essa atenção, mas agora já sei exatamente o que fazer!!;Elogio
Nossa Vitor quando começo a ver seus vídeos não consigo parar. Estou viciado;Opiniao e Elogio
"Mudando o foco aqui. Se eu ficasse na frente desse cara, fugiria com as mãos na cabeça, pensando "" socorro, ele está lendo meus pensamentos"" kkk";Opiniao
São a favor dessa exposição, mas são contra a propaganda para crianças, aí eu te pergunto, se eles acham tão natural esse tipo de exposição, qual o sentido de rotular a faixa etária dos programas?;Opiniao
Assistir esse dia. Sentir nojo dos atores . Meus parabéns vai para está senhora, q não mediu palavras para defender a essência de valores;Opiniao
Faz um vídeo mostrando a família do Michael Jackson no enterro dele, muita gente diz que foi uma farsa e que era tudo planejado, acho que seria interessante ver se as expressões faciais condizem com a situação do problema em si;Sugestao
Esse pessoal da Globo é um lixo;Opiniao
"Obrigado, Da. Regina... Só de deixar esses cretinos com ""raivinha"" e gaguejando já foi uma vitória pra todos nós... Viva a Da. Regina";Opiniao
Pior programa da globosta,de 2019 não passaras;Opiniao
A psicopatia ou a sociopatia têm expressões q podem confundir um estudioso como vc?;Duvida
Essa atriz deveria colocar a filha dela tocando nos homens pelados a gente tem nojo dessa putaria;Odio
Gostei da coragem da senhora em expor sua opinião. Mostra que é uma pessoa esclarecida, ética, honesta e com opinião formada. Muitos teriam medo ou receio de se contrapor a tantos famosos.;Opiniao
Não vejo porra nenhuma de arte nisso !!!;Odio
Essa senhora mitou contra esses atores de merda da globo!;Opiniao
Melhor análise até agora!!! Parabéns;Elogio
Eu parei de assistir a globo no momento em que o único programa bom que era a tv Globinho saiu do ar.;Opiniao
A rede Globo tem que ser extinta desse país e do mundo. Um canal lixo! Parabéns pelo vídeo , é incrível;Elogio e Odio
Aí a gente vê a que ponto onde é humano chega;Opiniao
Ela não entendeu, mesmo depois do Danilo ter desenhado e explicado, e ficou ainda insistindo na burrice!!;Opiniao
Gente, não é possível que as feministas sejam tão mente fechada assim... Só faltou o Danilo ter que desenhar, pois o orgulho dela em insistir na burrice foi demais.;Critica
A hipocrisia da esquerda escancarou nesse caso do Gentili,simples assim;Critica
Se esta mulher é educadora, o meu cachorro e cientista.;Critica
Sou negro, nordestino, com muito orgulho, e não dou autorga, para esses ativistas de merda da esquerda me representar.;Odio
Gente, próxima eleição p deputado temos que banir esses vermes esquerdistas de Brasília.;Odio
Esse país é tão democrático que uma mulher com retardo mental grave pode ocupar um cargo público.;Critica
Ela é professora por isso a educação no Brasil está uma merda;Critica
Outra nojenta! A voz nos enrrita. Má influência, é lamentável essas mulheres chatas, irritantes, sem qualquer atração.;Critica
Esses vermes do PSOL deveriam ser extintos da política !!!;Odio
Todos ministros do Bolsonaro, são excelentes. Parabéns.;Critica
Esse jornalista é um sem educação e com falta de profissionalismo, isso sim!;Opiniao
Misericórdia, essas análises corporais deixam a pessoa mais nua do que se ela estivesse sem roupa.;Opiniao
Gente q entrevistador mais antipático.... tinha que ser da foice de São Paulo Ótima análise Vitor;Opiniao e Elogio
Agora a conclusão politicamente incorreta: o entrevistador é um merda e deveria reavaliar a profissão que escolheu;Critica
O Danilo e o Fabrício tiveram é muita paciência, porque não tem justiça um intrevistador tão arrogante assim;Opiniao
resumindo, tava todo mundo 100% PUTASSO;Opiniao
"Imagina o currículo desse ""jornalista"" Eu faria muito melhor que ele, até porque não sou um retardado!";Critica
Ele é uma mistura de kiko e Mateus solano Kk mas é bonito e tem a voz bonita;Opiniao
Os psicopatas fingem choro. E enganam quase todo mundo. São muito sociáveis.;Opiniao
É bonito é gostoso tem ouro mas nenhum nenhum bombom desse tamanho vale 10 reais cada.;Opiniao
Com 186,00 eu compro um kit festa com bolo, docinhos e salgadinhos;Opiniao
FOI O MELHOR VÍDEO DO EXPERIMENTANDO QUE JÁ SE PASSOU, PRECISO COMPRAR ESSES DOCES, PQ REALMENTE DEU AGUÁ NA BOCA.;Elogio
Gosto da Deb, mas sinto que ela tem um pequeno ranço do Fogasa kkk todas as vezes ela criticou os restaurantes dele.;Opiniao
Fogaça ta rindo dessas críticas kkkkkkkkkkk se vcs fossem tão bons cozinheiros teriam ganhado!;Critica
Débora não deixa o Vitor falar, parece o Faustão.;Critica
Não gostei das opiniões pq os dois foram morde assopra. Ficaram procurando defeitos, provou na hora e elogiou, depois no final falou mal;Critica
Forçada demais. Ja entra querendo falar mal do restaurante dos jurados. Simpatia zero sempre deis do reality.;Critica
Visita o Burg one do pesadelo na cozinha !!! Queremos muito !!;Sugestao
Visita o restaurante do Paulo, da nova temporada do masterchef;Sugestao
Deb se conseguir passar no restaurante do Ravi. Dizem ser muito bom;Sugestao
Cão veio é uma pegada de ricos que querem ser pobre.;Opiniao
QUEM APOIA QUE A DEB VISITE O TUJU(Restaurante que ela cozinhou no Masterchef) DEIXA O LIKEE!!;Sugestao
Deb, quando chegar a 100 mil inscritos leva um de nós pra comer com você! Rsrs;Sugestao
"Ela tem uma ""raivinha"" do Fogaça... é tão nítido isso, quando ela visitou o SAL mesma coisa.";Critica
isita o terraço Itália gostaria muito de saber sua opnião sobre o restaurante;Sugestao
"O tom de voz que ela atinge no ""foraaaaaaa"" é inacreditável";Elogio
Acho que Marília sabe da minha vida vei,na moral,essa música parece ser cantada pra mim!!Amo demais!!;Opiniao
A aula é boa,mas é como se eu não conseguisse entender NADA DE FÍSICA;Opiniao
Gosto MT do descomplica. Porém acho que eles deveriam trocar o quadro pra ficar melhor.;Elogio e Sugestao
Contratei o plano começo do ano e só tenho a agradecer. Compreendi a física graças ao Leo gomes;Elogio
"Parece que a qualquer momento se um aluno fizer alguma coisa errada ele vai dar uma ""reguada"" na mão que nem antigamente heuheuhe";Opiniao
"Odeio física -.-""";Odio
Amei a aula aprendi muito, hoje fiz a prova e conseguir tirar dez, Parabéns professor continue assim ajudando milhares de pessoas.;Elogio
Ótima aula, só achei que o Professor deveria usar o exemplo do cálcio no momento que foi distribuir as setinhas. Ficaria mais fácil de entender.;Elogio e Sugestao
prof acho que você se equivocou na representação do seu diagrama. Se eu estiver errada me diga. Bela aula e boa explicação.;Elogio e Sugestao
falta mais organização na hora de explicar, me confundi toda mesmo já tendo estudado esse conteúdo;Critica
Devo dizer que vocês estão fazendo um excelente trabalho, continuem assim.;Elogio
"Muito confuso. Deveria ter menos ""não sei"", e mais esclarecimento...";Critica
fala mais devagar prof, vc fala muito rápido;Sugestao
cara tem algumas coisas que ficou duvidosas como o subnivel mais energetico ou externo;Opiniao
parabens que video perfeito me ajudou muito serio, obrigada;Elogio
Essa biografia do vídeo super bem explicada é um amor!!!;Elogio
Dai você aprende a pronunciar, mas na hora de cantar ou falar não fica fluido;Opiniao
"Estava aqui tentando fazer o som do TH e minha esposa me perguntou se eu estava com ""problemas psicológicos """;Opiniao
Obrigado Mario... com seu vidio aprendi a assoviar!;Elogio
Aprenda a estrutura, e que se dane a regra;Opiniao
Diferença entre: Both, either e neither..;Sugestao
Amigo você é top e sempre me inspirou. Love total ! Meus alunos estão loucos com minhas novas pegadas auê aprendi contigo.;Elogio
Dude...agora eu entendi...vc tem o dom de passar o conhecimento para as pessoas...obrigada pela excelente explicação;Elogio
Restaurante nojento e o Dono um nojo de ser humano;Odio
10 minuto de vídeo já quero descer esse proprietário na porrada;Odio
O Jacquin é muitas vezes exagerado, mas dessa vez ele tem toda a razão.;Opiniao
Esse povo arrogante que diz que é porque é nordestino é uma vergonha pras minhas raízes. Não é porque você é nordestino, amigo, é porque você é arrogante e sem educação.;Odio
A cada minuto que passa eu sinto mais raiva desse homem!;Odio
Não venha usar a desculpa que é nordestino para ser grosseiro!;Odio
Que homem tóxico, restaurante Chernobyl;Odio
Quanto mais Pesadelo na Cozinha eu assisto mais eu me certifico que a vigilância sanitária faz pouco pela população.;Critica
Tomara que essas mulheres encontre um emprego melhor, amém!!;Opiniao
"Cara, que vergonha um cara desse ""representando"" o meu querido Nordeste !";Opiniao
Quem me dera eu pudesse ter tido contato com inglês desde pequena;Opiniao
Analisa o inglês da Any do grupo global Now United;Sugestao
Pq que brasileiro se preocupa tanto com o inglês alheio das pessoas??;Critica
Cintyaaa, começa a fazer vídeos em inglês, acho que a galera vai amar;Sugestao
Aos que criticam o nosso país, lembrem que um país é feito de pessoas, mudemos nossas atitudes que o país muda também.;Opiniao
Faz um vídeo mostrando a evolução do inglês da Gisele Bündchen também!;Sugestao
Como você esta linda Cíntya!!!;Elogio
Eiii agora fiquei curiosa , faz a evolução do SEU inglês;Sugestao
Alfabetizada em inglês, rica e indo todo ano pro States, estranho seria ela nao falar bem;Critica
Faz um vídeo sobre o inglês da Tatá Werneck.;Sugestao
Provavelmente sempre estudou em escola de língua inglesa.;Opiniao
Tô besta que ele é canadense e tem o português perfeito.;Opiniao
Q PROF É ESSE! Aprendi mais que em 8 anos estudando ingles na escola;Elogio
queria que vc fosse meu professor pq a minha so fica mexendo no celular;Opiniao
Cara se eu tivesse um professor desse nunca iria tirar nota baixa;Opiniao
melhor professor de ingles;Elogio
Se todos os professores facilitassem assim , já estaria conversando em inglês !;Opiniao
Aprendi mais em 20 minutos o que os meus professores me passaram a vida inteira!! Incrivel didática!!! Valeu Kenny!!!;Opiniao e Elogio
Saber ingles já é uma necessidade...tua aula flui, pois ensinas com amor...Parabens!!!;Opiniao
Aprendo inglês ou morro tentando kkkk;Opiniao
Por que quando eu vou falar english minha voz meio que muda hahaha;Opiniao
Eu nunca me imaginei antes aprendendo sozinho. Agradeço ao Mairo e equipe pelo conteúdo!;Elogio
Queria q as escolas usassem esse metodo kkkk muito bom obrigada;Elogio
sugestão para: Mario vergaria sobre fazer um video falando de apresentaçoes na escola usando apenas ingles.;Sugestao
muito bom todas as suas dicas, parabéns Mairo vc tá fazendo a diferença!;Elogio
Essa dica é fantástica e revela um jeito diferente porém eficientíssimo e prático na construção de frases sem se prender absolutamente à gramática. Parabéns e obrigado por esse vídeo!;Elogio
Eu tenho uma pergunta: Quando usamos o TO, é tipo um infinitivo ne? Mas quando usamos ele somos obrigados a colocar a palavra PARA, que é o significado próprio dessa palavra ne Por exemplo: To find, PARA ENCONTRAR. Esse PARA sempre vai ser aí ou não é obrigado?;Duvida
Qual a diferença de falar o like to study para i like of study ?;Duvida
Achei uma dica ótima. Ou como diz perfect;Elogio
Melhor explicaçao do universo kkkk ameei, tirou minha duvida!! Ameei mesmo!! Obrigda professor;Elogio
Excelente!! Parabéns, seu vídeos são realmente muito legais!! Mario, você bem que poderia fazer um vídeo falando sobre os primeiros passos para se tornar um professor de inglês hein?!!!!;Elogio e Sugestao
Faz linguagem corporal do Edir Macedo. Quem concorda?;Sugestao
É o cara do Super Oito. Nem lembrava que esteve no Parafernalha.;Opiniao
vitor, poderia analisar o game Detroit Become Human? Eu acho que as expressões faciais dos personagens iguais a nossas (claro que nem todas são iguais mas algumas sim). eu dei essa ideia no seu insta porém não tive resposta. abraços;Sugestao
Faz linguagem corporal do ex-goleiro Bruno do Flamengo;Sugestao
Analisa a entrevista com Neil Armstrong ,após ter ido a lua!;Sugestao
Como não querer ser aluno (a) desse cara?;Opiniao
Victor, como posso diferenciar uma pessoa carismática de uma pessoa que realmente gosta de mim?;Duvida
Seria muito interessante caso o Vitor fizesse uma análise do Coringa de Heath Legder.;Sugestao
Cara faz uma análise sobre o caso Queiroz e Flávio Bolsonaro!!!;Sugestao
"Eu acho que esse quadro foi baseado na série ""O MENTALISTA""";Opiniao
Parabéns pelos dois milhões !!! Vitor analisa as entrevistas do goleiro bruno;Elogio e Sugestao
Faz uma linguagem corporal voltada especificamente pra casos envolvendo inocentes sendo julgados como culpados.;Sugestao
Cara tu é o mais foda do mundo! Kkkk;Elogio
Acho que seria interessante se analisasse algum caso do The Mentalist, muitas vezes o Patrik tirava conclusões muito precisas e específicas apenas com detalhes e gostaria de saber se realmente seria possível...;Sugestao
Analisa a linguagem corporal do Biroliro no discurso na ONU.;Sugestao
Os psicólogos da universidade onde eu trabalho te odeiam;Opiniao
analisa as expressões de dor do neymar pra ver se ele simula;Sugestao
Vitor, poderia comentar as séries CRIMINAL da Netflix?;Sugestao
Tadinho do Vitor.. nunca vai conseguir ter uma festa surpresa! kk;Opiniao
O interessante é q ele sempre tem uma referência em seus argumentos, nada de achismo. Toda resposta ele cita um autor, o q da ainda mais credibilidade em sua falas.;Opiniao
O cara é uma enciclopédia ambulante, incrível.;Elogio
Impressionante a inteligência desse rapaz. Comunicação, memória, conteúdo. Incrível!;Elogio
O cara é inteligente mesmo, não é um YouTuber que fica de Papinho.;Elogio
O Danilo ficou claramente empolgado e interessado no que o Vitor tava falando.;Opiniao
Bota ele pra análise de petista corruptos. Que já estão no poder seria ótimo;Sugestao
Agora o Vitor tem que fazer um vídeo análise das expressões faciais do Danilo enquanto o entrevistava kkkk;Sugestao
me admiro com a inteligencia desse cara.;Elogio
Só agora que eu reparei que o Vitor Santos é muito bonitinho e também muito fofinho. Amei a entrevista!;Elogio
Eu tenho 14 anos, mas parece que já traí, já fui traída e já destruí vários relacionamentos;Opiniao
Daqui a um século não aparecerá outro cantor sertanejo da categoria da Marília. Ela ficará na história.;Opiniao
Eu tô sofrendo muito com geometria e química. Não entra na minha cabeça.;Opiniao
Eu estou dando crise de ansiedade;Opiniao
Dá pra estudar com 1 mês?;Duvida
Gosto MT do descomplica. Porém acho que eles deveriam trocar o quadro pra ficar melhor.;Elogio e Critica
1 mês pra prova e eu com dificuldade pra estudar, eu ainda quero fazer o ENEM se passar;Opiniao
Hahahaha odeio física mas amo esse professor!!!;Elogio
Mega aula. Gostei da aula, aí eu prestei bem atenção, aí não entendi nada.;Elogio
Explica muito bem;Elogio
Contratei o plano começo do ano e só tenho a agradecer. Compreendi a física graças ao Leo gomes;Elogio
Sensacional, perdi meu medo de análise combinatória em 19 minutos;Elogio
Me fez entender um dos assuntos que mais temia, maravilhoso.;Elogio
Professor Sandro ótima aula, mas tem um erro 30x29=870,;Elogio e Critica
Ótima aula, parabéns! Eu gostaria de saber em qual ano escolar cai essa matéria... Estou no nono ano, e nada desse tipo até agora;Elogio e Duvida
Minha prova é terça mais parece q eu aprendi agora;Opiniao
Me ajudou, obrigada;Elogio
Aprendi a diferença;Elogio
Gostei bastante!;Elogio
Na minha opinião o Lucas é meio chato;Opiniao
Raul o mais gente boa das 2 temporadas.;Opiniao
Lucas continua insuportável.;Opiniao
E preciso escrever formalmente? Todo redação nota mil que li até agora tem um palavreado meio difícil. Eu tenho dificuldade nessa parte, me ajudem!!;Opiniao
Sugiro um vídeo e redação sobre Sigilo das Informações como o caso do Moro.;Sugestao
Faz sobre o tema gravidez na adolescência;Sugestao
Não sei pra vcs, mas pra mim o descomolica usa muitas figuras e memes nos vídeos. A sensaçõ é que tira o foco.;Critica
Faça uma redação exemplar, sobre a família contemporânea...;Sugestao
Odeio redação do Enem;Odio
Eu poderia falar da participação política dos jovens na Ágora Grécia antiga ?;Duvida
Essa proposta não está detalhada.;Critica
Nossa achei esse tema dificil;Opiniao
Essa doença só pega em em pessoas com baixa imunidade, por falta de vitaminas como cultura, arte, educação, respeito, fraternidade, verdade, sensatez, equilíbrio, humildade, democracia etc.;Opiniao
Amei !!! Graças a Deus estou imune desse vírus... toca o gado...kkkkkk;Elogio
Cara, eu sou muito tua fã e admiradora da tua coragem em tempos difíceis que estamos vivendo. Continue com esse trabalho de beija-flor, quem sabe de gota em gota não apaga a queimada inteira. Te amamos, eu e minha esposa.;Elogio
O menino Brasil está em quarentena, e continua dizendo que adoeceu por causa do socialismo.;Opiniao
ESSE CARA TEM CORAGEM. Se posiciona sem cortina de fumaça e com clareza. +1 fã cara;Elogio
Aqui em casa temos educação política. Ninguém está com a doença q tomou o Brasil. Somos imunes! Bjs Gustavo.;Opiniao
Acho que você é que está doente: xingando e humilhando o público;Opiniao
Obrigada Gustavo Mendes por não ter se calado e gerar conteúdo para compartilharmos nas redes. Passei a acompanhar vc pelo posicionamento q teve nesses tempos de crise, msm correndo o risco de perder público e sofrer represálias. PARABÉNS! Isenção para os descalabros desse governo acaba sendo conivência. Vou compartilhar!;Elogio
A eleição de Bolsonaro é só a confirmação daquilo que já sabíamos: o brasileiro é o povo mais hipócrita, machista, homofóbico, violento, ignorante e tolo do mundo!;Opiniao
PARABÉNS Gustavo Mendes.Continue deixando os bolsominions revoltadas!!!.kkkkk;
O PIOR TRÂNSITO É O TRÂNSITO DOS CHATOS QUE ASSISTEM ESSE CANAL E SÓ SABEM CRITICAR.;Critica
Amei o som do berrante acho que vou compra um e por pendurado na frente de casa para espantat os bolsochatos kkkkkkkkkk;Elogio
Eu já li viu Gustavo, a CF/88 diz em seu Direitos e Garantias Individuais e coletivos: todos são iguais perante à lei, sem distinção de qualquer natureza... Na teoria, porque na prática, isso é igual às leis de transito, quase nunca é observada e respeitada.;Opiniao
Faz imitação do bolsonaro vai fica massa, e os Noia do governo vai curt e Eu racha o bico. ... Campinas shopping espera por vc.;Sugestão
Essa do gado é ótima.. Tem que ter sempre!;Elogio
A DICA PARA O TRANSITO E MUITO SIMPLAAAAAASSSS...VC BEBI, NÃO COLOCA O CINTO, BATE NO PRIMEIRO POSTE. PRINCIPALMENTE SE FOR BOZOLOIDE!!!!! SUA RECLAMAÇÃO FOI ENVIADA PARA O DEPARTAMENTO DO FODA - SEEEEEEE!!!!!!;Odio
A melhor parte é a do gado indo embora KKKKKK;Opiniao
Eu devo ser louca, além de ler, tenho uma pasta (virtual claro) com todos os manuais. kkkk;Opiniao
Primeiro toca o berrante pra chamar o gado,depois de dar o capim,toca de novo pra mandar embora.Tô adorando essa idéia.Beijo na alma seu lindo.;Sugestão
Só sei aplaudir e admirar! Parabéns pelo canal;Elogio
Alguém já viu filhote de pomba? Eu nunca vi !! Kkk;Duvida
Mds eu rachei de rir mesmo que esse povo fresco não goste, pode continuar a fazer piada de religião kkkk são as melhores;Sugestão
É humor, não religião! vão tomar no olho do cu!!!;Odio
É o cambota que tá no palco dando risada? Conheço essa risada;Duvida
top demais ....Humor de verdade não tem mimimi com determinados assuntos !! Parabéns...;Elogio
"""ele late aleatoriamente e gira em torno de si"" o meu faz o mesmo, será que o meu é um robô disfarçado de cachorro tipo exterminador do futuro?";Duvida
Se esse final não foi encenado foi o melhor encerramento que já vi kkkkkkkkkkk;Elogio
"""O cachorro gira em torno de si e late"" Gente, é o que um cachorro normal faz HAHAHAHAHAHAHAHA";Opiniao
Não imagino se o leon e a nilce se separarem. Mano, o YouTube acaba;Opiniao
"""Quantos forem necessário"" hahahahaha adorei a resposta, apesar da minha ser mais parecida com a do Leon.";Opiniao
A pergunta que faltou: que fim levou o Otamatone? Volta a tocar Nilce kkk;Duvida
Cuidado (Ironia): a editora está alfinetando os atendentes de telemarketing.;Opiniao
Como voces vivem fora das câmeras ? Voces são tão alegres como nós vemos ?;Duvida
amados, qual a aposta de vocês para o tema da redação do enem 2019??;Duvida
O Leon falando que a nilce vai ter que levar e trazer ele do chalé me lembrou o Sheldon Cooper;Opiniao
Elimar Gonzales servindo a sua patria Venezuela na guerra;Opiniao
JOGAR NO MOBILE É FACIL QUERO VER JOGAR NO EMULADOR;Critica
Jogar no emulador é podre, quero ver jogar mobile no mobile.... Aí é mole!!;Critica
Ele gripado tem a voz da Dilma. kkkkkkkkkkk Muito bom, adoro o trabalho dele!;Elogio
Acho engraçado quando ele fala : ola eu sou a Dilma uma vez presidenta sempre presidenta kkkkkkk;Opiniao
Muito Bom, ao Invés de 8 minutos a entrevista deveria ter 1 Hora!!!!;Elogio e Critica
"Mds jogo ótimo quem tbm gosta da like "" bora tentar bater 20 k ''";Elogio
Bateu até saudade do Call of duty de play 2, pra quem finalizou todas as franquias Call of duty de Ps2 da um;Sugestão
Essa metralhadora era a mais poderosa do mundo naquele tempo a que recebeu vocês;Opiniao
Mano do ceu vey esse jogo é do msm jeito do medalha de honra do ps2 mais tá muito melhor ne kkkk porra ai assim;Opiniao
Essa série vai ser top. E quem concorda deixa seu like;Sugestão
Vou começar a assistir a série inteira novamente, para mim e a melhor série que você fez;Opiniao
Joguei só agora e achei muito bom, história, graficos, vários modos de combate e sua transição em espionagem, tanque, avião, anti-aéreo, excelente!;Elogio
Mano, quem teria coragem de arrancar isso da Ana Maria? Kkkkkkkkkkk só a Tata mesmo.;Duvida
Gente, essa é a melhoooor conversa de indiretas da vida! KKKKKKKKKK;Elogio
Primeira vez q vejo Tatá Werneck com vergonha da entrevistada kkkk;Opiniao
Ana Maria me surpreendeu, arrasou nas respostas. Deu um banho em muita gente que não sabe lidar com essas perguntas;Opiniao
Ana Maria é tão inteligente q dá prazer d ver sua plenitude e postura;Elogio
Cara, que foco para não ser demitida kkkkkkkk;Duvida
Eu constrangida, assim como a Tatá, e a Ana bem plena.;Opiniao
Duas gerações de mulheres fantásticas! Cada uma com sua característica em perfeita harmonia deram um show!!!;Elogio
NAMARIA SUA SAFADA! MARAVILHOSA! HAHAH;Elogio
Antes né pq se não não engrossa o caldo ai como é q faz?;Opiniao
Ana Maria muito mais esperta,na obscenidade,dos que a Isis Valverde,que é novinha! Experiencias né benhe?!;Opiniao
Essa sem dúvida é a melhor temporada de todas, tanto quanto a convidados como os Especialistas. Amando demais.;Elogio
Qualquer creme de Leite da ponto de chantily tem de ta bem gelado, isso e muito importante eu ponho no freeezer por 15 20 minutos e bato e da super certo;Opiniao
O segredo do sucesso na Ana é a simplicidade e espontaneidade. Maravilha;Opiniao
Nossa eu pensei que era difícil fazer sorvete aí eu pesquisando na internet achei seu vídeo é fácil vou fazer mas pode ser qualquer creme de leite;Sugestão
Eh muito maravilhoso eu fiz com o creme de leite normal i Deu super certo tbm ficou muito bom;Elogio
Meu ficou mas de 40 minutos e não ficou duro;Critica
Fiz o sorvete e ficou maravilhoso,o leite condensado seu o ponto na primeira tentativa;Elogio
"Mano eu ja tava com saudade desse ""Eaí pessoal, tudo bem? Aqui quem fala é o Edu""";Opiniao
Edu é alérgico ao Brasil kkkkkkk;Opiniao
Cara esse Bf5 está mostrando o que a guerra não serve de nada pro mundo bom começo de gameplay sensacional;Elogio
Na hora que eu vi o MENU eu fiquei: tenho que comprar esse jogo;Opiniao
caraca sem palavras para descrever o quanto é lindo e incrível esse jogo cara !!! Excelente só falto Tradução verbal !;Elogio
Overman vc trás só jogos foda melhor canal;Elogio
Essa época era muito boa quando a Kéfera era simpática e engraçada;Opiniao
Só eu que to assistindo esse vídeo em 2019? Com sdd da kefera antiga???;Duvida
"Pena que agora ela só quer """"lacrar"""".. saudades dela assim";Critica
Geral aqui só fica dizendo que ela tava melhor antes do que agora kkkkkkkkk, também acho o mesmo, só espero que ela não apague esses vídeos antigos.;Opiniao
O vídeo inteiri eu super me indentifiquei;
Não me indentifiquei “mentir é feio”...Tá,só um pouquinho...TA BEM,EU CONFESSO! EU NEM SEI PASSAR DELINEADOR!;Opiniao
O PIOR É A VEIA ACHANDO QUE TEM UM PINGO DE MORAL, QUE SOCO NA CARA DA VEIONA LÁ;Odio
Ridículo um programa que pede opiniões e acaba sendo envergonhado por dar a sua opinião Volta TV Globinho por favor;Odio
Ela é muito femista, até a Fátima Bernardes falou que ele tava explicando o seu lado.....;Opiniao
Não sei quem é mais otario se é ela ou os que aplaude;Odio
Se eu entra-se nesse programa ela ia passar muita vergonha por eu usar os próprios argumento dela contra ela.;Opiniao
Em nenhum momento ele tava ensinando. Ele tava explicando uma situação, s-o-m-e-n-t-e. Deu vontade de vomitar agora! Pq eu assisti essa bosta?!;Odio
Nojo dessa mulher.eem nenhum momento ele quis ensinar,em nenhum momento ele desrespeitou ele so tava dando a opinião dele,ele tem liberdade de expressão e pode falar a hora que ele quiser.;Odio
Ela não é feminista, é uma femista pura. Está acabando com o nome do feminismo usando argumentos inválidos. Está fazendo oque critica;Opiniao
"Fátima ""lacrou"" mais do que a Kefera com esse ""Só um minutinho"" HUASUHASHUAS";Opiniao
E a kerefa é womanboring. Sendo womanrude and womanstupid. Resumindo esta cega achando q so ela tem razao e direto de fala. Esse é um aspecto terrivel da militancia.;Opiniao
Nossa, mas que mesquinha ela. Agradeço a Fátima pelo bom senso de deixar o rapaz falar. Educada e profissional;Elogio e Critica
Que mulher podre!!!! E essa mulher ao lado dela mais ainda! Rea,l o cara só explicou O QUE ACONTECEU COM ELE, de forma alguma ele quis explicar o que e o feminismo. Essa mulher precisa voltar para escola e aprender interpretação e também a respeitar o próximo!!!;Opiniao
Eu amo a ké mais ela foi errada pq a partir do momento que a fatima chamou ele e pediu a opnião dele ele tinha direito de falar oque pensa MESMO ESTANDO ERRADISSIMO;Opiniao
"Feminismo é falta de rola"" Frase muito machista, fala isso, mas não conhece 1% do verdadeiro movimento!!!";Opiniao
Essa mulher mancha o nome das mulheres,Meu Deus;Critica
Nem o YouTube aguentou quando a Kefera começou a falar, parou de responder na hora.;
Como que ela tá reclamando se ela mesma pediu pra ele explicar?;Duvida
Tenho certeza q a Globo nunca mais chamará essa incrível e corajosa mulher, pelo tom de voz ela já não aguenta mais tanta hipocrisia ....parabéns Janaína;Elogio
Janaína Paschoal é um EXEMPLO para todas as mulheres do Brasil !!! Me orgulho de ter votado nela !!!;Elogio
Ela está corretíssima, cala boca Fátima;Opiniao
"Neste ponto, concordo com a Janaína. Os pais deixam os filhos em cárcere privado por desespero. Como punir alguém que, por amor ao ente querido, comete um ""crime"" para salvaguardar esta pessoa querida? Incoerente, no mínimo.";Opiniao
A Fátima Bernardes, não sabe nada sobre internação compulsória, já Internet meu filho em várias e não adianta nada.o crack é um vício terrível.;Opiniao
Achei bem feito essa Fátima nunca deveria tá a frente desse programa e falando de casos como esse . Fátima é uma merda;Opiniao
Eu só acho que o Lula deveria se soltar mais nos debates, ta muito preso huehuheuheuheuheu;Sugestão
Arthur, tu precisa divulgar mais o teu número. Deveria estar estampado em cada vídeo teu. Se liga.;Sugestão
Você é sensacional. Sou muito fã. Se eu fosse de São Paulo meu voto seria seu. Um dia te conheço pessoalmente. Bjos;Elogio
Parabéns pelo trabalho Arthur, eu particularmente não concordo com alguns pensamentos seus mas curto seu canal;Elogio e Critica
Programinha chato Pra caralho, Globo só era bom Quando tinha Tv Globinho kkkkkkkkkk;Critica
Ela não discutiu com o rapaz, ela humilhou ele em rede nacional, e a apresentadora sem noção não fez nada. Encontro com Fatima Bernardes, programa ridículo.;Critica
E ela interrompendo o rapaz enquanto ele tentava falar é o quê mesmo?;Duvida
eu sou feminista, porém, em nenhum momento ele ficou querendo ensinar o que era o feminismo, ele só tava falando a opinião dele;Opiniao
Kéfera teve que interromper o cara pq mesmo sem tentar mto o maluco tava quase refutando com bom senso kkkkkk;Opiniao
Junior groovador é um mito!! fazer uma banda de rock tocar forró em pleno rock in rio! muito épico!!!;Elogio
Procure algo mais aleatório e falhe miseravelmente;Sugestão
o batera quase cagou na peidola pra segurar o groove do gordinho;Opiniao
Caralhooo kkkk nirvana em forro com junior groovador tocando no rock in rio no palco mundo kkkk isso é mt histórico;Opiniao
Tirou onda kkkkkkkkk.... E o baterista até fez uma levada legal kkkkkk... Lenda Júnior Bass groovador;Elogio
Jack é humilde demais!!! Esse baixista representa o Brasil pra krl!! FOda!;Elogio
KKKKKKK lembrei daquelas montagens que eles faziam com o Slipknot tocando Araketu (e outras), mas dessa vez não é montagem, é real!;
Mais Jack Black e menos Drake na próxima, os brasileiros agradecem;Sugestão
Puxa deveria sair o novo filme escola de rock 2, e chamar o Juninho para fazer uma participação especial, esse filme é muito louco, lembrei muito ao ver a postura de palco do Jack Black!;Sugestão
Mano esse cara aí é aquele amigo que todo mundo quer ter, que vibe boa! Merecido todo sucesso;Elogio
O cara que faz Tenacious D tocar forró em pleno Rock in Rio, merece uma placa!;Opiniao
NUNCA desistam dos seus sonhos, nunca tenham vergonha de fazer o que gosta!;Sugestão
Gente, onde o Jack Black achou esse cara? Pq ok, nós brasileiros conhecemos ele por causa dos memes e tal, mas o Jack Black?;Duvida
Mano isso vai ficar pra história. Sensacional.;Elogio
Fã de Slipknot aqui pra dizer: continua que ficou do caralho!! Mto bom kkkkkkkkkkkkkkkkkkkkkkkkk;Sugestão
VOCÊ é um MITO MANO! HAHAHAHA não para com isso serio!;Sugestão
O melhor de todos, mas um dos menos visualizados;Elogio e Critica
cara, acabei de entrar no seu canal! Já vi todos, sensacional!!!!! meus parabéns pelo trabalho! É demaaaaais!!!! kkkkkkkkkkkkkkkkkkkkkkkk;Elogio
1 ano atrás nesse mesmo dia eu vi esse vídeo, na moral, que montagem foda;Elogio
Os cara vem xingar ainda kkkkkkkkkkkkkk amo rock, e achei engra demais, SLC;Opiniao
como eu só fui descobrir isso agr?! méu déus kkkkk;Duvida
Caralho, nunca ri tanto...!! pqp mto bom parabens :D;Elogio
Esses moleques cantam funk tudo tem voz de desenho.;Opiniao
Que taradinho bunitinho! Rs;Elogio
Tava triste ai chegou a notificação do vídeo tou de boa agr kkkkkkkkkkkk;
Se houver um concorrente, mais barato, eu diria que o Kwid é ruim. Como não tem, tá ótimo!;Opiniao
Deviam pegar alguém que não odiasse o carro pra fazer o teste;Sugestão
Exigiu muitos itens que carros com o dobro do preço não tem nem como opcional....;
ha este carrinho e tao bom que esta incomodando todas as concorrentes, so quem tem pode falar o carro e otimo eu recomendo.;Opiniao
Auto Esporte só fala bem de quem paga. Saudades do Vrum do SBT.;Opiniao
Esse vídeo resume o nome do canal! Sem achismo e nem patrocínio.;
Vcs já estão com uma média de visualizações por vídeo maior que o canal Top Speed, que tem o triplo de inscritos. Parabéns.;Elogio
Veloster e o gato a jato do Pica pau quando toma a pílula do gato kkkkkkkk ...so quem e das antigas vai entender.;Opiniao
"Não vejo nenhum problema chamar esse caro de esportivo, pois chamam o vasco de ""gigante da colina"" kkkkk";Opiniao
Pra mim vocês são a referência em avaliação de carros. Um show!;Elogio
Carros da Hyundai são sempre bem vindos! Mais um vídeo top!!;Elogio
Com certeza. O melhor canal de avaliação automotiva. Não são focados apenas no zero. Atendem todos os bolsos. Parabéns pelo ótimo conteúdo.;Elogio
"Eu tenho raiva desses lojistas, o carro deles é ""perfeito"" e o nosso desvalorizam no máximo. mesmo que estejam em estado de conservação parecidos";Opiniao
Eu tive um Cliozinho e posso dizer que é um trator, nunca me deixou na mão, um guerreiro.;Opiniao
Eu tenho um amigo mão de vaca q tem um Clio a 6 anos, e eu vou te contar, so troca óleo e nunca deu defeito, acho q nem vela ele trocou. Muito bom mesmo;Elogio
Cinco anos de federal e não fui doutrinada desse jeito. Poxa, estudei errado. Kkkkkk. :(;Opiniao
Se eu soubesse que era assim, até teria me esforçado para entrar numa federal. Triste.;Opiniao
"Mas como?!! Estudei na federal e não me ensinaram esse ""passinho""?!!";Duvida
O bom desse vídeo é que as bolsonetes não tem inteligência mínima pra entender sarcasmo kkkk;Opiniao
Kralho, tem uns comentários aki q me dão vergonha de ser brasileira. Porta, vcs são foda, muito foda !!!;Elogio
Nunca vi tanta perfeição em retratar as aberrações da Federal.....;Opiniao
12 mil BOZO putas, deram deslike nesse video.;Odio
É exatamente assim que o pessoal da federal consegue desenvolver mais de 90% das pesquisas no Brasil. Kkkkkkkkkk adorei a crítica;Opiniao
Isso é um absurdo! Estudei 6 anos na USP e nunca me convidaram pras surubas!;Opiniao
Lentamente a Motorola vai retornando ao mercado. Ótimo vídeo CanalTech !!!;Elogio
"Achei a parte de trás feia ;-;";Opiniao
Motorola não é tão ruim quanto eu pensava, o G7 Plus é bom, trava bem pouco.;Elogio e Critica
Ultimamente estão cagando os aparelhos celulares com tantas câmeras.;Critica
Melhor do que a original quem acha deixa o gostei;Elogio
Eu vou dar um like mas porque essa música é muito foda;Elogio
QUERO VER DESMASCARAR O PALOCCI.BRACO DIREITO DE LULA. KKKKK CHUPA QUE A CANA E DOCE PTZADA QUADRILHA;Odio
grupo de vermes;Odio
Este Paulo Guedes é pipoqueiro igual seu chefe Bosolixo São todos pilantras eles só querem o vem a nos o vosso reino é nada;Odio
ESTE VEIO AÍ E UMA MULA DEIXA DE SER UM DEMONIO;Odio
O Satanas em pessoa!! Pessoa horrivel!!;Odio
Esse Gilmar Mendes tem cara de demônio, deve ter feito um pacto, já já vai voltar para o lugar de onde veio;Odio
Cada like é um dedo no cu de bolsonaro!;Odio
DILMA ESTOCA VENTO LULA LADRÃO PINGUÇO;Odio
E os funcionários do BNDES não serão responsabilizados?;Duvida
EMPRETIMOS???? Para quem????Quanto cada lado lucrou??O Brasil sabemos que só levou prejuizo.Quantade vidas se foram pela falta desse dinheiro???Lamentavel;Duvida
tochas e forcados: a única solução para o Brasil...;Odio
Vereadorzinho que agir contra UBER será execrado do rumo político !;Odio
"E Oscar de ""PESSOA QUE SÓ FALA ASNEIRA"" vai para... Kéfera!";Odio
Kefera vai pro buraco junto com a Globo. Ela esta no lugar certo, lá que é lugar de gente estupida!!!! RIP TV Globo & Kefera!!!!!;Odio
SENHOR ENÉIAS VENHA E JOGUE UMA BOMBA NO BRASIL;Odio
Bom que o Mourão vá para a guerra e bote eles na linha de frente.;Odio
se vc for pra guerra Mourão, leve mesmo o Moro e sua turminha juntos, e faça um favor pro Brasil: Morram!;Odio
Vai pra guerra mesmo Morão leva moro e dallagnol e tomara que vcs sejam fuzilados;Odio
ELE NÃO QUER SAIR PORQUE LUGAR DE BANDIDO É NA CADEIA;Odio
que continua enganando o povo este bandido LADRÃO.;Odio
Este véio é um débil mental igual ao seus seguidores da seita.;Odio
Só doentes mentais acreditam no Lula;Odio
Dá um chute no traseiro dele, pra fora da PF! Que ele sai!;Odio
LULA MALDITO TEM QUE SER MORTO.;Odio
devolve o Brasil pros índios e depois pede desculpa.;Sugestão
Marcelo deveria ser o Ministro da segurança do Brasil;Sugestão
Fecha o Ministério da Educação e legaliza o home-schooling.;Sugestão
Devo carregar minha bateria nova quantas vezes por mês ?;Duvida
Sugestão de vídeos... Como acender churrasqueira... Álcool, óleo. Abraços. Top canal.;Sugestão
FAZ UM EVENTO DESSE DE CHURRASCO EM BELO HORIZONTE, POR FAVOR;Sugestão
Ele poderia sugerir alguma receita no final para aproveitar sobras do molho de queijo.;Sugestão
Vem pro Parana, que churrasqueada mais animada e contagiante, amamos os videos;Sugestão
Ai zé grava um vídeo com o boquinha ele é seu fã e faz churrasco com base nos seus vídeos;Sugestão
Coloca o nome da churrasqueira de mormaço.;Sugestão
Para não empelotar o trigo, disolve ele no leite frio e depois coloca na panela, bem mais fácil, fica a dica !;Sugestão
Reproduz o meme do ateu e o cristão discutindo num acampamento, pelo amor de Deus!;Sugestao
Esse vídeo é sem dúvida a maior contribuição à cultura brasileira dos últimos anos. Parabéns 11/10;Elogio
Seu vídeo foi tão motivacional para mim, que me convenci de que é isso que quero pra mim! E me convenci tanto que já tava animada pra trabalhar com programação amanhã mesmo! Pena que as coisas não funcionam assim... Rs;Elogio
aula mais complicada até agora, pelo menos pra mim;Opiniao
O vegeta parece a Larissa Manoela só qu com a testa menor;Opiniao
Faz com Cavaleiros do Zodíaco!;Sugestao
Vc desenhou bem o Yamcha hein ficou perfeito;Elogio
Eu odiava esse universo, mas ele é simplesmente INCRÍVEL!;Opiniao
As melhores partes são da Samira entrando na mente dos outros sendo a infectada, e a bixa é tão rata que convence!;Opiniao
Nem assisti ainda porém sei que ta DO BALACUBACU!;Opiniao
Como eu amo essa intro;Elogio
man na moral ta muito bom essa edição eu apoio mais videos assim, hehe;Elogio e Sugestao
Parece que esse povo tava fumando uma e resolveu ir jogar free fire;Opiniao
A era clickbait chega para todas;Critica
Eu tentando entender o título do vídeo até agora kk;Opiniao
As crianças encherão a cara de de bolo alcoólico;Opiniao
Parece que esse bolo de chocolate tá meio solado;Critica
Por favor não dublem essa risada, tá perfeito de mais do jeito que tá;Sugestao
Marvel: vamos explorar o Multiverso DC: vamos explorar a mentalidade do homem;Opiniao
Um filme que fala sobre saúde mental, merece todo reconhecimento do mundo.;Opiniao
O Jacquin é muito fofinho, mas quando o chefe Jacquin realmente entra em cena, dá medo.;Opiniao
"Rafael conhece mil idiomas e culturas, mas ainda fala ""seje"".";Critica
Como ganhar escravos?Simples meu amigo. Seja uma garota com voz de levar um homem pra cadeia e Cante músicas tocando violão ! Ashausbaushau;Odio
Não na boa man Eu sou garota e adoro a Sasa mas ela tem partes que exagera e passa dos limites;Critica
Mano, ela tá muito escrotinha. NA BOA;Odio
"Sasa clips e ""engraçados"" na mesma frase. Tá no crack?";Odio
alguém sabe que música é essa ?;Duvida
Os inscrito dessa mina é tudo escravoceta mano;Odio
Já achei ela legal, por ser talentosa cantando e tudo mais, porém ela é muito forçada, quer ser engraçada sem ser;Opiniao
Essa esquila é mt sem graça tnc;Odio
"Gnt alguém me explica pq a sasa apagou os vídeos ""normais"" dela? Pq ela só ta postando nesse estilo e bem de vez em quando?";Duvida
Essa aqui é a famosa mulher platina?;Odio
CADE O FILME, RITO GOMES? NESSES GRÁFICOS SE PÁ SUPERA ATÉ TOY STORY;Elogio e Duvida
MANO O NIVEL DESSA ANIMAÇÃO TA ALEM DO COMUM. SERIO.... NÃO TO ELOGIANDO PORQUE SOU FÃ NÃO. EU CONHEÇO E FAÇO ALGUMAS E MANO!!!! OS MOVIMENTOS ESTÃO MUITO REALISTA, AS CORES, MANO..... PIREI AQUI Acho engraçado que muita gente não joga lol por diversos motivos, pc ruim, já ta cansado de rage e injustiça, etc. Mas acompanha as animações. EU devo dar os parabens para a riot por isso. Serio! Mas em outros sentidos fica devendo e muito!;Elogio
Queria uma série na Netflix kkk essa animação tá melhor que o jogo;Elogio e Sugestao
Acordar vendo isso... que coisa linda s2;Elogio
Eles não sabem nada,vc é a melhor YouTuber do mundo;Elogio
Que dente amareo. Nojenta;Odio
Que besteira comer mortos com rashi;Odio
Que bosta;Odio
Parei por causa dessa voz acelerada, forçada! Deslike!;Odio
Nem é da china sua bosta;Odio
Pq q todo japones(a) tem a cara gorda?;Odio
Melhor ser rigorosa do que ser aquela bagunça, e existe sim escolas que não tem uniforme, pesquisa melhor antes de falar merda;Odio
Sua imunda, cala sua boca eu vou jogar a bomba de hiroshima no seu cu;Odio
Você é retardada como é muito feia e horrivel amada;Odio
Que cabelinho zuado;Odio
Resumo seu canal em apenas uma palavra: FALTA de criatividade. Você só imita outros youtubers.;Odio
Não entendi nada essa menina faz merda nenhuma;Odio
Pensei que você era japonesa ou chinesa esses japoneses são chatos brincadeira;Odio
Faz algum vídeo sobre como cuida do teu cabelo, descoloração e etc, meu sonho ter um cabelinho lindo q nem o teu;Elogio e Sugestao
E a série de linux, quando teremos mais vídeos?;Duvida
Hey, quando vai ter mais vídeos do curso de python?;Duvida
Ótima aula. Como sempre, objetiva e bastante didática. Parabéns.;Elogio
Quem teve aula de algoritmo e não entendeu e está aqui no cursoemvídeo para estudar?;Duvida
Javascript e agora Linux, melhor canal de cursos do YouTube.;Elogio
como q faz pra ter o nick igual de outra pessoa?;Duvida
Uma pergunta, acho q tenho isso, pra saber vou ao psiquiatra ou psicólogo?;Duvida
Um remix muito brabi no fim alguem sabe o nome ?;Duvida
Que gráficos realistas, a tecnologia é mesmo surpreendente;Elogio
Seus curso são ótimo.. cria depois um curso de react e react native e nodes;Elogio e Sugestao
buenas, mestre gafanhoto!!!...ocorre que ao dar ctrl+c e ctrl+v, ele não mostra a sequência ex002 e sim ex001copy, por acaso, preciso mexer em alguma configuração?;Duvida
Eu fiz o exercício e não tive sucesso. Alguém consegue encontrar o erro?;Duvida
Esse curso mudou minha vida, devo muito a esse grande mestre !;Elogio
Nossa, passei mal de tanto rir, tá GENIAL esse formato XD HAHAHAHAHAHAHAHAHAHA;Elogio
estão escolhendo só as pérolas mesmo! por favor, Fábio Yabu matando a galinha, por favor!!;Sugestao
Adoro essas referências e é muito bom rever isso animado;Elogio
Quanto sera que custa um bolo desses?;Duvida
fácil aprender, difícil lembrar.;Opiniao
Cadê nosso Especial de RPG do MRG?;Duvida
Estou a começar a gostar imenso da forma como as aulas são dadas. Sou de Portugal e estou a tirar Informática de Gestão, quero seguir para Engenharia de Informática. Este video curso parece ser porreiro e ajudar a criar bases para começar a ser um bom programador.;Elogio
Jared Leto deveria vir a publico pedir desculpas.;Opiniao
Não imagino se o leon e a nilce se separarem. Mano, o YouTube acaba;Opiniao
Foda-se o politicamente correto !! Chega logo outubro;Odio
Fico imaginando um curso de inglês com este nível de qualidade. Seria um sonho.;Opiniao
Já era pra passar de um milhão de escritos é perfeito esse canal;Elogio
Qual foi o fogão utilizou para fazer tudo?;Duvida
Cadê a receita da massa da pizza??;Duvida
É mas se eu pedir delivery não tenho que lavar louça kkkkkkkk;Opiniao
"Gosto muito desse canal.
Apresenta o essencial ..
Sem falação nem encheçao de linguica e nem exibicionismo.
Excelente pra quem tem mais o que fazer e só quer o q se propõe...dar a receita !!";Elogio
Eu não entendo pq esse canal não tem mais inscritos;Opiniao
Maravilhosa, sempre. Hoje, uma idéia sensacional.;Elogio
A única pergunta que importa: por que pudim de queijo e não leite condensado?;Duvida
Sou filho de padeiro/confeiteiro, e cresci comendo o melhor sonho do mundo! Lembrança de infância.;Opiniao
Sofro toda vez que a Elisa usa creme de leite nesse recipiente que fica um monte grudado no vidro;Opiniao
A masterchef mais talentosa e elegante de todas as temporadas!!!! Linda, perfeita, ah se desse pra sentir o cheiro. BJ;Elogio
Receitas muito didáticas! muito técnicas. Parabéns, sou seu fã!;Elogio
Eu adoro as críticas e o conteúdo histórico que você utiliza para enriquecer os vídeos! Genial, melhor canal!;Elogio e Critica
"Observação, o alho negro não é uma fermentação é uma reação de Maillard, o açúcar do alho não quebra em álcool mas sim ""carameliza"" mas não de forma convencional.";Sugestao
Professor, consigo notar que você tem mt conhecimento e sabe o que tá fazendo. Só precisa agir com mais naturalidade, controlar mais um pouquinho o nervosismo. Grande abraço, parabéns!;Elogio e Critica
"No Masterchef da vontade de quebrar ele na paulada mas vendo ele assim dá vontade de por ele num potinho de ""tompero"" de tão fofinho que ele é.";Opiniao
Gostei das explicações. Me ajudou muito. Parabéns. Sua calma ajuda no entendimento.;Elogio
Vou fazer aqui na minha casa, só vou trocar o atum por um bife, o caviar por cebola e a laranja vou chupar depois.;Opiniao
O Paulo é um menino incrível , eu conheci o restaurante é foi uma coisa sobrenatural ao provar a especialidade da casa , um ambiente agradável;Elogio
"Rapaz, tô roendo as unhas aqui, quase comendo a mão de ansiedade aguardando pelos próximos vídeos e fim do curso. Tenho várias propostas em vista para desenvolvimento de sites e já ía começar a fazer na mão mas quando vi a proposta desse curso, parei e tô esperando. Gosto demais do Wordpress e uso há anos mas só para blogs. Conteúdo inestimável e apesar de usar a muito tempo, já aprendi muita coisa que me fez modernizar meus projetos. Obrigado Guanabara e Ramiro!

";Elogio
guanabara faz um curso basico de git e github de como usar essa ferramenta;Sugestao
Boa noite, parabéns pelo trabalho!;Elogio
Vcs poderiam indicar literatura!. Bons livros sobre o assunto. muito obrigado!.;Sugestao
Um dos melhores tutores que já vi no youtube.;Elogio
oque acontece se usar engraçadol com gritasmil ?;Duvida
Show! Aprendo mais aqui do que na faculdade kkkkk;Elogio
Eu sou deficiente visual e gostaria muito de acompanhar os seus cursos, Porém não tem nenhum material escrito para eu acompanhar as aulas, mas mesmo assim estou aprendendo bastante Só ouvindo as aulas.;Sugestao
Professor, precisa dar continuidade nesse curso mais avançado. É muito didático. Obrigado.;Sugestao
Finalmente um tutorial em português q tem uma música de fundo e o tutor n fala parecendo q ta morrendo.;Elogio
Outra dica é: Sempre faça backup antes de mexer.;Sugestao
Qual versão você esta usado ?;Duvida
Quero desenvolver um rpg estilo Harvest Moon na Unreal para um projeto de TCC, acha que Unreal é melhor que o RPG Maker?;Duvida
Muito boas suas aulas: claras e explicativas. Aguardando a aula #54!;Elogio
Qual a configuração do seu pc?;Duvida
BluePrint funciona apenas na Unreal?;Duvida
Sensacional fera, muito bacana!;Elogio
Melhor canal para aprender unity de todo o Youtube!!;Elogio
Que homem tóxico, restaurante Chernobyl;Opiniao
10 minuto de vídeo já quero descer esse proprietário na porrada;Opiniao
Que triste esse episódio, atormentador... Machista, covarde, sem educação, ignorante, etc.;Opiniao
Em negócios, não se põem amigo e família pra tomar conta, contrate profissionais.....;Sugestao
Pensei que a Netflix is fazer uma série de Girls In The House;Opiniao
Só eu que fico curioso com as histórias da bonanza?;Duvida
Só eu que fico com vergonha de ver esses vídeos?;Duvida
Essa menina do pão de queijo mereceu, muito humilde e simpatica;Elogio
"Chamem os dubladores de ""todo mundo odeia o Chris"" haha";Sugestao
Tá na hora de trazer o pessoal da CULPA É DO CABRAL ! Fica a dica!;Sugestao
Chama a galera do choque de novo pra dessa vez ir o Renan!!!!!!!!!;Sugestao
próximo podia ser top 5 discussões entre participantes;Sugestao
Queremos a revanche do Léo Lins contra o gigante Léo;Sugestao
Essa do André me deu vontade até de parar de acompanhar o programa, pra quem viu tudo desde a prova em grupo sabe que foi injusto.;Opiniao
A eliminação do Estefano foi especial, o Jacquin enxergou nele a vontade de aprender e deu continuidade ao sonho dele!;Opiniao
Faltou a Raquel Também, foi totalmente injustiçada na 3a temporada;Sugestao
Portuguesa deveria ter um quadro só pra ela!;Sugestao
Tem que vender essas pimentas na NerdStore, sério.;Sugestao
A Rita tem se mostrado uma cozinheira de mão cheia, uma participante equilibrada e um ser humano delicado, espero que continue assim.;Elogio
"Thales se você não tem o senso para dividir os ingredientes, porque é uma competição, não fique magoadinho quando as pessoas não ficarem felizes pelo seu desempenho. Afinal, é uma competição...

";Opiniao
O Paulo parece muito o Linguini do Ratatuille;Opiniao
Eu fiquei chocada com a Débora torcendo contra o VV. Que bruxa gente... falsiane!!!!!!;Opiniao
Michele, quanta elegância essa mulher tem, torço muito por ela.;Elogio
TORCENDO PARA MICHELE E VICTOR PQ ELES SAO MUITO HUMILDES E A MICHELE FICOU FELIZ PELA VITORIA DO VICTOR;Elogio
Heaven educadíssima, não vi arrogância;Elogio
A Heaven é boa e focada, tá na cara que ela não veio pra brincadeira e eu admiro o jeito que ela cozinha com lógica e calma, ela está ciente que está em uma competição e tá agindo de acordo, deixando o que ela cozinha falar. Me lembra do Leo da terceira temporada que todo mundo tinha recalque por esse mesmo motivo.;Critica
Essa Eliane é chata pra caralho, berra igual uma hiena com câimbra;Odio
É bacana também que a série também mostra quão repulsivo é alguém de masculinidade tóxica com o personagem do Abutre. Sem dúvidas um dos personagens que todo mundo torce o nariz ao ver;Critica
"É legal também a forma como eles criticam essas atitudes de machão, e como elas são destrutivas. Com o Hitchcock e o Scully isso é claro, como eles eram viciados em café, cigarro, cocaína etc. Os perigos de comer demais e de forma não saudável, querendo bancar o ogro bruto e macho. E tem aquele episódio em que o Peralta dá um soco no escritor de romances favorito dele porque ele foi homofóbico com o Holt.

";Critica
Eu amo como a forma com que a masculinidade desses personagens é muito mais saudável do que a média, mas de uma forma com que isso não os torne personagens idealizados. É um grande exemplo de como se criar personagens críveis e cheios de falhas sem que eles necessariamente reproduzam as falhas específicas que a parte mais atrasada da sociedade reproduz.;Critica
Budy não tem mais programa inédito. Só programações repetidas.;Critica
A Rochelle precisa conhecer a Dona Hermínia;Opiniao
MELHOR FILME BRASILEIRO!;Elogio
Fernanda Montenegro, que mulher, que atriz!!;Elogio
Pratos vergonhosos. O nível master chef , passou longe.;Critica
Cadê o queimando a língua com o TUCANO do cozinha de Jack.;Sugestao
Queimando a Língua com Affonso dois ff de faca Solano por favoooorrrrr hahahaahahahaah;Sugestao
no dias das crianças queimando a lingua com picolla(inves de pimenta coloca doce);Sugestao
Queimando a Lingua com Inri Cristo;Sugestao
Nunca tinha ouvido falar dessa moça, não tenho ideia do que ela faz, nem pq ela foi parar no Queimando a Língua, mas sem dúvida uma das entrevista mais engraçadas. UAHUAHAUHAUh.;Elogio
Leila melhor personagem do anime do jovem nerd ahahahahahahaha;Elogio
Esse vídeo tem que ser considerado como um dos patrimônios culturais brasileiros.;Elogio
Mano, faz o vem tranquilo Sasuke vs Itachi pfvr;Elogio
Primeira ganhadora do MChef que volta aqui e mostra o que aprendeu na Cordon Bleu. Altíssimo nível!;Elogio e Critica
A música ficou rolando encanto vc falava, ai ficou um pouco ruim p te ouvir falar. Fora isso amei o video!;Elogio e Critica
Só consigo pensar em uma palavra pra descrever essa história e o autor dela, Ariano Suassuna: GENIAL;Elogio
Eu nunca dei um deslike , mais hj precisei dar , essa mulher grita demais , voz chata e berros não dá ! Masterchef tinha que punir essa gritacao!;Critica
Meu Deus se todo episodio for essa gritaria toda, vai ser difícil assistir kkkkkkk;Critica
ADOREI. vou tentar fazer essa receita com certeza e conto aqui! Adorei as técnicas, tudo! Fico ansiosa pelos videos!;Elogio
Os chefs do masterchef devem estar tão, mas tão orgulhosos de onde ela ja conseguiu chegar. que mulher.;Elogio
Só eu achei esses pratos com pouca comida ? Kkkk ainda mais pra militares.;Duvida
Poderiam cozinhar para uma escola pública!!! As crianças mereciam comer bem e ia ser sucesso de audiência;Critica
Essa edição quer plantar a discórdia na cozinha, percebemos isso;Critica
Odiando essa vibe de BBB do programa. Ridículo e sem graça. Cadê a exaltação do talento e da dedicação?;Critica
Gente isso foi uma tortura chinesa mesmo! Sol escaldante tanto pra quem estava cozinhando quanto pra esses militares,um calor d a porra e eles com essa roupa grossa é quente,e ainda comerem linguiça mal passada de porco,tiveram sorte de não passarem mal e tomara que essa carne não contenha nenhum verme( carne de porco tem que ser bem cozida ou bem assada). Eu fiquei com muita dó pois realmente foi estressante ver todos suando e passando mal.;Critica
Eu consigo sentir o gosto daqui, que coisa linda é brioche;Elogio
Que esquisito. Achei que eles pagavam tudo. Basicamente o prêmio que o Master Chef paga, você gasta pagando o curso e a estadia na França.;Critica
elisa, pelo amor de deus, ensine para mim e para humanidade como fazer um RISOTO;Sugestao
Hoje acho que muitos participantes entram no programa pela fama. Você entrou porque realmente gosta de cozinhar e usou a plataforma pra investir de verdade na carreira. Parabéns por ter aproveitado as oportunidades e ter se tornado muito mais do que apenas uma figurinha de reality show! Os novos competidores deviam te tomar como exemplo!;Elogio e Critica
Cara, incrível ter essa visão de alguém que já esteve dentro de uma cozinha como essa. Um dos meus sonhos é trabalhar em um restaurante francês.;Elogio
Podia fazer aquele purê cítrico que fez para a prova do Masterchef? =D;Sugestao
rita minha filha, vc é inteligentíssima, por isso todo mundo pede sua ajuda;Elogio
Não gostar da Maria Antonia eu até entendo, ela realmente não cozinha bem, chegou até aí por sorte. Agora falar da Eliane e do Major acho uma completa falta de senso! Eliane já ganhou inúmeras provas e Major é extremamente estudioso e esforçado. As pessoas esquecem que isso é um programa de CULINÁRIA e não um BBB. Minha torcida é para que o Major e o Hugo vão para a final.;Elogio e Critica
A técnica da quenelle PERFEITA meu pai. Eu fico deslumbrado com a leveza que você tem nos preparos!;Elogio
Parabéns amigo! Você contribuiu parar a formação de mais um programador, me ajudou muito em java e agora tenho certeza que vou aprender muito com C#! Vlw!;Elogio
"Excelentes conteúdos.
Aulas consistentes, objetivas, sem perda de tempo com piadas bobas como outros canais, áudio claro e limpo...
Parabéns";Elogio
Amigo assistir suas aulas é uma verdadeira viagem, parabéns!;
"Cara, eu amo às aulas desta professora. Ela tem um talento. Um domínio diante do assunto, que consegue transmitir à essência da aprendizagem. :) Meus parabéns.

";Elogio
Carpe diem não é um conceito do Arcadismo?. Não sabia que também estava presente no Barroco.;Duvida
Galerinha que tem dificuldade de estudar, saiba que de aprender o cérebro gosta, na verdade, ADORA. O que ele não gosta, é de desperdiçar energia à toa. Sendo assim, se estudo sem aprendizado é esforço sem resultado, obviamente que o seu cérebro/você vai sofrer um pouco com isso...;Critica
"Isso é muito louco, muuuito legal.
Eu faço isso com podcasts, não sabia q tinha um embasamento científico.
Eu ouço muitos casts, enquanto estudo ouço nerdcast ou podcasts sobre ciência social, e qnd estou fazendo qqr outra coisa ouço casts científicos.";Elogio e Critica
Muito bom. O Youtube brasileiro precisa de mais canais assim, que trazem realmente conteúdos importantes e informativos. Chega de porta do fundo e parafernalha. Isso meus amigos é que devia importar.;Elogio
Tô impressionado com a postura dos participantes dessa temporada, não são arrogantes igual na primeira temporada do profissionais e nem na quarta temporada dos amadores, eles lidam bem as críticas dos chefes, não alfinetam um o outro, estão ali para cozinhar mesmo, espero que não decepcionem.;Elogio e Critica
"Melhor nerdcast foi o de alienigenas com o ""especialista"" bebado. Faz outro, jovem nerd.";Elogio e Sugestao
inventamos ou descobrimos a matematica?;Duvida
Primeira vez que vejo alguém ficar bêbado de pimenta.;Opiniao
PORTUGUESA NO QUEIMANDO A LÍNGUA COM SR.K;Sugestao
Muito bom. Mas seria ainda melhor se fosse entrevista com o Caito, e não com o personagem.;Sugestao
Se esse papo de signo funcionasse as pessoas nao perguntavam o meu, elas adivinhavam.;Opiniao
Por isso que se as pessoas tivessem super poderes a grande maioria seria vilão, e muito mais fácil e você não precisa se preocupar com essas coisas;Critica
A monogamia é uma convenção humana. Assim como cumprir contratos ou não se usar da força para obter as coisas.;Critica
quando você se achar um procrastinador, lembre que teve um pessoal que fez uma taxionomia de pokemons;Critica
"Átila, se me permite dar dois complementos direi que, a teoria do Big Bang afirma que o universo surgiu e se expandiu não que que ele surgiu de uma explosão; e só podemos ver até a inflação cósmica, não o Big Bang, e nada nos garante que existe algo antes dele (como também não garante que não tenha).";Sugestao
QUE EPISÓDIO, SENHORES! Você consegue fazer um graduando e apaixonado por história amar física e biologia. Obrigado!;Elogio
Eles deveriam padronizar de vez o Sistema Internacional, tô cansado desse sistema inglês que só complica mais as conversões...;Sugestao
seria possível criar uma atmosfera na lua ou em marte usando arvores ou sei lá o que...?;Duvida
Caraca! Esse episódio está muito bem escrito. Arrepiei até o final;Elogio
Acho que você não entende o Axé. É uma metáfora sobre depressão.;Opiniao
Você é uma das mentes mais brilhantes que ja vi, me inspira.;Elogio
Não conhecia o canal, mas já amei!;Elogio
"Desde quando adolescentes de 17 anos são elite intelectual? Entenda- se essa elite por ""elite rica e branca"".";Critica e Opiniao
Se a minha opinião vale algo eu diria: tirem esse vídeo.;Odio e Critica
É assim q eu imagino os esquerdistas;Odio
Amo essas críticas em forma de alfinetada. Continuem !;Opiniao e Elogio
Esse é o grande problema dos partidos de esquerda: não consegue transmitir essa informação para população brasileira. Rita foi clara e didática. Grandes mudanças na sociedade brasileira virão quando o povo for conscientizado.;Critica e Opiniao
Tive minha consciência de classe a poucos meses e foi insuportável saber que eu não posso fazer uma série de coisas por simplesmente não ter dinheiro e saber que tem gente que tem dinheiro e não faz absolutamente nada com ele. Como disse Rita, ter consciência de classe pode doer.;Opiniao
Eu amo porque Sarcasmo é a melhor resposta pra ignorância e burrice, kkkkl mano adorei;Elogio
A maior verdade sobre a doutrinação nas universidades e escolas formam militantes de esquerda todos os anos;Odio
Como Herb ainda ficou gente. Dramático demais.;Critica
"Cara chato esse Herb 
Não vejo a hora dele sair";Odio
Vey essa Carol é uma falsa, se transformou quando pegou o avental, acha que todo mundo tem inveja dela, menina ridícula, não aguento mais esse herd, a cara dele me da nojo, fica com essa cara de mangoloide, pior temporada, programa tá muito armado, muita proteção, admirava tanto a beca mas tá ficando insuportável ver ela proteger o herd;Odio e Opiniao
Não aguento mais ver a cara desse herbinho,passou da hora dele sair.;Odio
Eu realmente acho que dessa vez a produção errou dando só duas horas na seg prova. Ninguém conseguiu firmar a torta, nem mesmo o Francisco que é extremamente organizado com o tempo e não fica de gracinha enquanto cozinha.;Critica e Opiniao
Eu acho legal que o Jeff com português é como eu com o inglês: Entende o que houve, mas não sabe falar.;Critica e Opiniao
Muito bom Vídeo. Realmente o número de brasileiros aqui em Vancouver tem crescido muito. O modo mais fácil ainda é vir estudar e se for em casal melhor ainda, que ai um estuda e outro pode trabalhar full-time (depende do curso). Vancouver esta sensacional no Verão. Quem quiser mais informação sobre como vir para cá, da uma passada no nosso canal tem bastante material sobre isso...bjus :);Elogio
"Muito legal o vídeo. Estamos percebendo um enorme aumento de brasileiros vindo (ou querendo vir) para Vancouver e para o Canadá em geral nos últimos anos. Muita gente não sabe muito sobre os diferentes processos de imigração e realmente pensam que é aquele ""oba oba"" como nos Estados Unidos. Vocês, assim como nós, devem receber milhares de perguntas sobre o assunto e achei legal vocês explicarem ao público de vocês como funciona. Continuem o ótimo trabalho. Abraços meus queridos! :-)";Elogio
Vocês precisam mudar de casa logo, vocês vão ter uma liberdade maior do que morar em um apartamento;Opiniao
Até o meu filho que mora no Brasil fala melhor que eu Dimitri!!! É gente boa mas de inglês precisa do Cambly ali! LoL. Parabéns para o filhão!;Critica
Show de video, até a propaganda das aulas de inglês ficaram bem engraçadas 30 centavosss quase de graça;Elogio
Nem sei se já comentei nesse vídeo, mas mesmo assim é muito bom ver os vídeos desses dois. Aprendi a gostar do Leon através do meu filho e hoje sou muito fan. Parabéns pelo excelente trabalho de vocês.;Opiniao e Elogio
É incrível com a direita no Brasil está se comportando com a esquerda, fazendo ginástica de pensamentos e narrativas para proteger seu político de estimação.;Odio
Mais otário é os fãs brasileiros, que gosta desse drake kk;Odio
Perder a humildade é o início do fim pra qualquer profissional de qualquer área...;Critica e Opiniao
Pontualíssima, cabelo maravilhoso, reflexões perfeitas, tem como não te amar, Jout?!;Elogio
"Gostei muito do tema, vejo muito esse tipo de situação ao meu redor, e vejo amigas minhas dando conselhos do tipo ""Ele gosta de vc mas é timido"", ""Ele tem medo de namorar"", e ja penso ""Talvez ele simplesmente ñ esteja afim"", acontece. As mulheres (ñ todas obviamente) tem a tendência a romantizar, a criar toda uma história, sendo q as vezes é o mais óbvio mesmo. Eu me considero mais prática nessas questões, acho que realmente quem gosta cuida, quer estar perto, gosta da sua companhia, se não faz questão nenhuma de sua presença, então desapega.";Critica e Opiniao
Tô no início do vídeo ainda mas já preciso comentar. Flor, vc tá muito feliz na sua fala, acabei de passar por isso. Acabei saindo fora pq não tava dando conta do sofrimento. E qdo a gnt se dá conta q não perdeu ngm pq na real nunca teve a pessoa, as coisas melhoram mais rápido.;Opiniao e Elogio
Sugiro mudar o título para ELE/ELA não está afim de vc. Dessa forma como está, parece que as mulheres tão sempre esperando relacionamento, e nem sempre é assim.;Sugestao
Esse vídeo é de utilidade pública;Opiniao
Perfeito! Só faltou mencionar a máfia da indústria farmacêutica... Estamos na merda mesmo..;Elogio e Critica
Muito importante esse vídeo, sou farmacêutica e vejo todos os dias como nossa noção de saúde é distorcida e como medicamentos são tratados como coisas simples... Parabéns pelo vídeo!;Opiniao e Elogio
Precisa ir pro Oriente não amiga, Cuba ta aqui no nosso continente e tratas saúde como PREVENÇÃO antes de qualquer coisa. Sinto falta do seu olhar para países socialistas que existem hoje.;Critica
Esse é um dos canais mais recentes que conheci, e já é o que eu mais fico esperando vídeos novos.;Elogio
A Rita se comunica de uma forma graciosamente natural. A espontaneidade , fluidez e simplicidade da fala, é um bom exemplo de como a esquerda pode sair da academia e vim trazer conhecimento nas bases. Precisamos de mais Ritas. Agradeço por você esta aqui nesta plataforma sendo um dos pontos de luz necessários para caminhantes perdidos neste mar de obscuridades que se tornou o Youtube.;Opiniao e Elogio
Maravilhosa! Adoro tempero drag. Excelente reflexão. Estou tratando uma depressão há 2 anos. Finalmente comecei o período do desmame do antidepressivo. Minha melhora começou exatamente quando deixei de trabalhar 12 horas por dia para ter jornadas de 7-8 horas e tive mais tempo para me dedicar aos meus estudos, a minha família e ao meu ócio. Por que será né? :);Elogio
Mulher, queria perguntar se teria como você/pessoal da produção, quando recomendar alguma literatura no vídeo poderia por muitíssimo favor, colocar nome e autor na descrição? Fica mais fácil de achar retrógradamente, porque nem sempre dá pra anotar na hora que o vídeo tá tocando!! Muito obrigada!!!;Sugestao e Opiniao
"É pq vc não conhece a realidade do alicerce do SUS brasileiro, mas a classe trabalhadora da saúde brasileira que tem mais índices de depressão e suicídio são os enfermeiros (as). 
Os menos remunerados e reconhecidos e que, porventura, estão sempre do lado dos usuários/pacientes. 
A primeira palavra que falam quando se encontram em situação de urgência é: enfermeira! 

A grande maioria não tem ideia da grande angústia dessa classe.";Critica
A religião é uma forma de escravizar mentes fracas.;Critica e Opiniao
pfvr não usa mais esse áudio da voz com eco pq não da pra entender nada :´c;Sugestao e Critica
Achei que seria um vídeo de comédia, e recebi um vídeo super informativo e gostoso de ver. Tenho 17 anos e tô me descobrindo, tô amando o meio drag kkkk obrigado pelo conteúdo.;Elogio
"1° - Não acredito que achei um canal com um estilo de vídeo e arte que gosto tanto, como o retro, com esses conteúdos; 

2° - O conteúdo do canal é muito bom, tirando que é difícil ver alguém se dar tanto assim a cara a tapa pra apresentar algo como foi apresentado nesse vídeo, simplesmente amei :3";Opiniao e Elogio
Raríssimo eu concordar com você. Mas, como não sou radical, dou meu braço a torcer. Excelente vídeo.;Opiniao e Elogio
MARAVILHOSA, cada vídeo seu meus olhos se abrem mais;Elogio
uma crítica, o audio deles falando da passagem biblica seria legal ter uma legenda pq nao da pra escutar certinho;Critica
"Você está muito equivocado ""tempero""";Odio
Mas, Rita... esse seu “temperadodinho” usou mal a palavra de Deus e infelizmente você também, em alguns temas.;Critica
Não canso de dar like e favoritar seus vídeos, continue assim que tá maravilhoso aaaaaaaa;Elogio
A mulher/homem mais desinformadx da história kkkk;Odio
Eu amo te ver falar sério. Você é um ser humano maravilhoso, cheio de cultura e conhecimento. Te adoro;Opiniao e Elogio
Ritinha, parabéns pelo vídeo. Eu to amando essa nova fase, e to matando a saudade docê, minha musa. Mas pra Platão a beleza não está associada aos olhos do observador. Isso é subjetivismo e há uma literatura enorme pra negar a subjetividade na grécia antiga. Para Platão o conceito de beleza estava na ideia do belo (que era o bom e o belo, isto é, uma beleza estética e ética ao mesmo tempo). As coisas belas PARTICIPAM da ideia do belo. Pra Platão, alguém que julga o que é belo a partir do auxilio do corpo (nesse caso, dos olhos), é alguém que está se entregando ao engano, pois o belo é reconhecido pela dialética (tudo isso bem grosso modo).;Opiniao
"""""""""""Tia""""""""""""""dos namoradinhos só que intelectual. kkkkkkkkkkkkkkk.";Odio
Se bem que vc tá padrãozerrima hein bicha. Mas valeu a reflexão que é cada vez mais pertinente;Critica e Opiniao
Suas unhas estão perfeitas assim como você!! Amei!! Faz francesinha mais vezes fica super lindo!!;Elogio e Sugestao
"Um pastor ""ex gay"", um gay que diz que não sofre homofobia, e um hetero que parece ser mais sensato dos 3.";Opiniao
Gay homofóbico é a coisa mais nojenta que existe.;Odio
Fico muito feliz que esse cara nunca tenha sofrido por ser gay, mas podia sair da bolha dele e pensar em quem sofre preconceito todo dia e se colocar no lugar deles. Só porque nunca aconteceu com ele não significa que o movimento seja inútil. Empatia;Critica e Opiniao
"Considero esse o melhor ""Mude Minha ideia"" , pela clara intenção dos participantes em ouvir. Houveram discordâncias mas ninguém estava armado e fechado ao diálogo. Parabéns .. e eu acho o Vítor bom .. só pra não esquecer de comentar. rs";Elogio
Fico chocado como TODOS não deixam o Victor falar enquanto ele ouve completamente;Critica
gente esse pastor é gay reprimido certeza kkkk;Odio
"Adorei o vídeo e tals, mas teve uma parte que preciso comentar sobre. Teve uma hora que a Mc Carol falou sobre o ""racismo reverso"", mas o ponto é, NÃO EXISTE RACISMO REVERSO! Ela comentou isso como se ""racismo reverso"" fosse o racismo contra brancos, mas mesmo que exista racismo contra brancos, não é racismo reverso, é só racismo de qualquer forma. Vou tentar explicar melhor, ela fala de racismo como se fosse uma coisa só do negro, porque falando ""racismo reverso"" direcionado aos brancos, ela está falando que o racismo não se encaixa aos brancos, e o preconceito com os brancos é o inverso de racismo, e não apenas racismo. Espero que tenham entendido meu ponto, pq fiquei bem agoniada com esse erro dela.";Critica
Me doeu muito pq meu pai é do msm jto do Sr. Negro. Talvez seja um tipo de blindagem psicológica , auto cuidado inconsciente... pra não sofrer mais já q dá mta raiva qndo descobrimos q todo ódio direcionado a nós é simplesmente pela herança africana q é linda mas fizeram feia pra lucrar com nosso sofrimento, com nossa baixa autoestima ! É desalentador;Critica e Opiniao
Não consigo ver pessoas tentando dizer que o Brasil não é racista, me dá uma vergonha alheia.;Critica e Opiniao
1:45 nao acho mt que o ponto das cotas seja esse, na minha concepçao, cotas são necessárias para fazer da universidade um lugar mais miscigenado como deveria ser ja que mais da metade da populaçao brasileira é negra.;Opiniao
"Edição um pouco tendenciosa.
Interessante o debate, pra aprender a não fazer mais. Debater com o politicamente correto é como explicar o que é música clássica pro Latino. Não há chance de haver entendimento.
(Esse comentário pode ser considerada Latinofobia pois mexeu com o Latino... e também música Clássico Fobia pois comparou música clássica a comédia sendo a música a arte mais nobre)
A Comédia é livre, a Tragédia também, o Drama também. Uma piada ofender é como uma música te ofender, uma peça de teatro, um quadro. Pode acontecer... Mas tá muito mais na sua cabeça. 
Piada é piada, opinião é opinião, ofensa é ofensa... São coisas diferentes. Uma piada mal contada vira uma ofensa assim como uma música mal tocada vira poluição sonora. Mas dizer que tem ""limites"" é algo que não cabe pra comédia. Aqui quanto mais livre melhor. Esse é o caminho pra Bosta. Tem limites pra comédia, limites pro futebol, drible é desrespeito, limites pra vida, limites pra roupa, limites pra beijar me público. Nem pra edição tem limites... Pode até escrever FADA SENSATA e não vou reclamar (apesar de achar meio zoado)... sejam mais leves, mais livres e menos paus no c... (sem homofobia)";Critica
"Totalmente parcial! Copiaram um quadro e pioraram. Esse negócio de ""fada sensata"" tira totalmente a imparcialidade do quadro, que tinha a intenção justamente de criar um debate imparcial sobre isso e deixar a conclusão às mãos do espectador. 
Erraram rude.";Critica e Opiniao
Que edição ridícula. Tendenciosa e muito chata. Boa rabin!;Odio
"9:55 ""Eu tenho um amigo que ele é negro..."" Só eu quem notou? O negro não quer ser negro. O racismo neste país é tão difícil de combater pois o racista não se acha racista.";Critica
"sse foi um dos melhores ""mude minha ideia"" , achei ambas as partes argumentando muito respeitosas, sem se prenderem a ideologias políticas. isso é muito importante. Quando conseguirmos compreender que a sociedade é de todos nós e não cabem mais os rótulos, poderemos chegar a um consenso sobre o que é melhor para todos.";Opiniao e Elogio
Detesto esse homem mas conversar com quem pensa diferente é um exercício de convivencia sem dúvida.;Odio
Eu discordo de 200% do que o cara falou, porém ele foi 100% respeitoso (mesmo usando termos de origem preconceituosa, de culpa estrutural, e não individual dele em si, mas dá sociedade) ele foi um fofo, adorei o fato dele saber ouvir, saber falar, e mesmo não entendendo muito ou fazer parte das minorias ele busca expressar de verdade seu pensamento sem machucar ou ofender o outro.;Opiniao
"Cotas são necessárias, porém devem ter prazo de validade. Outra coisa... politica de cota é ""empurrar pra baixo do tapete"" a incompetência do estado em oferecer ensino de boa qualidade aos cidadãos";Critica e Opiniao
"Esse cara só reproduz a sua opinião pessoal sem nenhum embasamento científico e claro, foi esmurrado de maneira muito gentil por pessoas maravilhosas que estudam e não apenas tiram teorias do ""coll""... Rsrsrsrsrs... Se ele não mudou de opinião, é pq segue sendo o babaca que sempre foi.";Critica
"Olá Marcelo. Muito interessante a proposta do bate-papo! 
Que tal abordar da questão do trabalho infantil? A pergunta inicial poderia ser: você acha que proibir trabalho infantil é certo?";Elogio e Sugestao
Pra mim as cotas raciais é uma âncora pra o governo nao precisar cuidar da educação pública básica ( q por sinal eh precária). Mude minha ideia;Opiniao
Essa historia de cagar regra e querer regular me cheira a regime totalitario (nao somente DITADURA MILITAR, como nosso povo gosta de se limitar a...) de ambos os espectros ideologicos. Confundir piada de stand-up com piada para denegrir eh erro basico.;Odio
"Esse cara de óculos com os argumentos mais lamentáveis possíveis. 
Se vai defender algo absurdo, pelo menos tenha argumentos condizentes.";Critica
Esse vídeo evidencia a necessidade de melhorias na educação a partir de um ensino crítico e libertador. É triste ver tanta alienação;Critica e Opiniao
Gente, impressionada com a paciência da moça de tranças aplausos, racismo institucional exposto e ela se manteve! Parabénssss;Elogio
Essa mana da trança é dona do meu respeito e admiração. Dominou a pauta elegantemente... Defendeu seu ponto de vista e ensinou muita gente que no fundo concordava com a moça do próprio programa a dar o crédito a dúvida do erro. Por muito mais mulheres assim!!!!;Opiniao
Dica do dia meninas, parem de usar amigo gay como passe livre pra ser escroto. Obrigada!;Critica e Opiniao
Caralho ela fudeu cm tudo de vez quando falou que hoje em dia tem até negros competentes mais até que alguns brancos. Socorro .;Odio
gostaria de comentar um fato curioso. aos 16:58 você vê ao lado direito da tela, um homem pardo/negro dormindo na calçada. Minutos antes ela diz acreditar que já existe igualdade. só queria constatar isso mesmo.;Opiniao
Poxa foram os 24 min mais difíceis de ver, a mina tem uns argumentos muito ruins mano;Critica e Opiniao
Eu não sei como as entrevistadas não deram um pau nessa menina velho kkkkk;Odio e Critica
Discordo completamente do pensamento sobre o aborto!!!!;Critica e Opiniao
"Que ranço da senhorinha, affz ! 
Na cara que apanhou voda todo de ex maridos e agr acha que isso é normal ....";Odio
"""Tem gente escondendo a 40 anos"" indireta detectada para os gays da globo";Odio
Acho que essa coisa de esconder é pior! Melhor se assumir e enfrentar a lingua das tias;Critica e Opiniao
Você não é pessoa pública, é famosa. Boa sorte, força na sua luta! Felicidades!!!;Elogio
eu acho q ela num deveria nem ter casado cm um homem se ela gostava de mulher tinha ficafo logo cm uma e ponto;Critica e Opiniao
"Ela não contava com o sucesso da educação que ela mesmo deu. Ao dizer ""ele cagou na minha cabeça"" ela deixa claro que mesmo tenho passado esses valores ao filho não sabia se ele teria absorvido, ou a que ponto ele teria absorvido tais valores. É mesmo difícil saber o quanto de nós os filhos, sobrinhos ou lunos absorvem, aceitam ou rejeitam.";Opiniao e Elogio
"Sou fã desse canal! Estudo 1° período de Eng. Civil e têm me ajudado MUITO. Vou ter que citar o ""me salva!"" na dedicatória do TCC. Rss, obrigado por dedicar o tempo de vocês realmente salvando outras pessoas, de uma forma muito particular e diferente de todos os outros, vocês estão mudando o mundo. Não parem!";Opiniao e Elogio
ensinou nada. cadê as fórmulas e resoluções de exercícios?;Critica e Opiniao
parabéns, muito bem explicado!;Elogio
Tenho uma dúvida, quando ele sobe a gravida faz com que ele suba mais de vagar, e quando ele está descendl ele acelera e a velocidade é maior?;Duvida
só eu que me assustei com a voz, quando começou video?;Critica e Opiniao
Mas como eu acho a Velocidade? Além de eu ter que descobrir os eixos (Y e X), tenho que descobrir a velocidade e o angulo. Estou totalmente confusa!;Duvida
Esse professor é muito bom!! Super objetivo!;Elogio
o lançamento que tem mais alcance é o de 45 graus é em relação aos três ângulos mostrados ou a qualquer ângulo?;Duvida
Gente vejo todo mundo falando que entendeu e eu fico tipo : que???;Critica e Opiniao
As aulas são excepcionais e a dicção não muda em nada a grande qualidade da aula e didática desse profissional. Parabéns meu irmão! Que Deus lhe abençoe pelos grandes serviços prestados.;Opiniao e Elogio
Só eu que acho a voz dele engraçada? Rsrs;Opiniao
Obrigado pela aula Anderson Silva, sou seu fã!;Elogio
NAO É A MSM COISA A VERTICAL TEM Vi DIFERENTE DE 0 E A HORIZONTAL TEM Vi IGUAL A 0;Critica
To confuso aqui, as fórmulas não são as mesmas :(;Duvida e Critica
A aula é ótima, mas eu sou lenta pra entender então vou ter que ver mais vezes. Obrigada!!;Opiniao
Você só subtraiu a distância entre Xb e Xa ?? mas e o cálculo dab= Xb-Xa??;Duvida
"Ótimo canal 

Tentei achar um video sobre distancia de um ponto ao plano, vocês tem essa explicação?";Elogio e Duvida
"""ain pq os professores do youtube são melhores do que os das escolas?"" 
PORQUE TU PASSA A AULA TODA CONVERSANDO ENQUANTO O COITADO DO PROFESSOR EXPLICA O CONTEÚDO, E ELE FAZ ISSO EM VÁRIAS SALAS DE AULA, TENTA IMAGINAR DAR AULA PARA UM BANDO DE JUMENTOS, QUE ALÉM DE ATRAPALHAR A AULA, FICA DESMERECENDO O TRABALHO DELES EM SALA DE AULA NAS VIDEO AULA DO YOUTUBE!";Odio
Já é a terceira vez esse mês que o seu canal e suas explicações deixam o conteúdo super claro para mim!! Muito obrigada e parabéns pelo seu trabalho!!;Elogio
"Sabrina, adorei o vídeo.
Se me permites, gostaria de dar uma sugestão: que tal um video “N de Neoliberalismo”? Acho que há pouca clareza sobre isso nas esquerdas, seria interessante contribuir para esse debate.";Elogio e Sugestao
muito obrigada sabrina por proporcionar formação política seria! gratidao, vamos transformar esse mundao;Elogio
Leiam 18 de Brumário, o livro é curtinho, pela leitura consegui traçar vários paralelos com a situação atual, como por ex. Como a burguesia culpa o debate político pelos fracassos da economia;Sugestao e Opiniao
Sabrina vc podia fazer um vídeo comparando o método do materialismo histórico dialético com os outros métodos aplicados nas ciências sociais, contraponto o positivismo e sua influência na sociologia moderna.;Sugestao
"Caramba esse vídeo ficou MUITO bom, cada vez mais vejo que as criticas ao materialismo histórico e ao marxismo que li e reli na faculdade (de história) são superficiais pra não dizer mentirosas. Meus professores/professoras apresentam quase como consenso que as bases do marxismo estão superadas, apesar das contribuições que deu, ou que temos que fazer um ""marxismo diferente"" que é tão diferente que é quase igual á sociologia positivista. Agora, com estudo e tua ajuda as coisas tão fazendo muito mais sentido, valeu.";Opiniao e Elogio
Um vídeo como esse deve ter dado muito trabalho. Obrigada pela dedicação!;Elogio
Teria o pós-colonialismo influência do materialismo histórico?;Duvida
Entender materialismo histórico não é nada fácil. Mas você torna o o assunto muito claro. Obrigado!;Opiniao e Elogio
"Dos 12:00 aos 13:25 minutos fiquei sem entender (!). Quando você diz que as ""relações de gênero, racial, sexual... passam pelo poder econômico"", essa defesa não seria contraditória a questão das cotas? Não estaria se alinhando que as cotas sociais seriam mais importantes que cotas raciais (ou de gênero?). Ou não entendi?";Duvida
Muuuuito bom!!! Vc acha q podemos aproximar o materialismo histórico, então, da fenomenologia? podia falar sobre isso um hora?;Duvida
Engraçado, um vídeo sobre uma expressão marxista que Marx nunca utilizou.;Critica e Opiniao
Poderia fazer um vídeo falando sobre teoria do valor por Marx,abordando o fetichismo da mercadoria e as relações sociais e relações de produção,?Não consigo entender isso,mas como vc passa o conteúdo de forma didática e claro acho que se vc fale eu entenderia.;Sugestao
A MINA É MARXISTA NO SEGUNDO MILÊNIO KKKKKKKKKKKKKKKKKKKKKKKK PERDI DMAIS;Odio
Voces professores são tudo HIPOCRITAS! DIZEM QUE O SOCIALISMO É O CORRETO E SE GABAM DE DIZER QUE DESEJARIAM MORAR NOS ESTADOS UNIDOS! O EUA SERIA O PAIS OPRESSOR OU NÃO SUA HIPOCRITA???;Odio
Debate raso.;Critica e Opiniao
O canal mais qualificado da esquerda brasileira.;Opiniao e Elogio
Caralho, sério mesmo que tem gente que ainda leva o marxismo clássico a sério?;Odio e Critica
Cria ou transforma seus videos em podcast;Sugestao
Pena que um vídeo tão trabalhoso não tem o alcance que deveria.;Opiniao
Sabrina, preciso compreender o materialismo histórico dialético e enxergá-lo na paisagem, nas transformações da paisagem ao longo do tempo. Alguma dica? Por favor preciso muito, me ajuda luciano!;Sugestao e Duvida
Não entendi nada.;Critica
Maior marxista do Brasil! Falo com tranquilidade;Opiniao e Elogio
Um vídeo como esse deve ter dado muito trabalho. Obrigada pela dedicação!;Elogio
"Como não ser radical quando o estado ""normal"" das coisas é absurdo?";Critica e Opiniao
Sempre aprendo muito com você, Sabrina! Obrigada!;Opiniao e Elogio
"É... eu acreditava num espantalho de esquerda... hora de eu rever conceitos. Esse vídeo foi ótimo, pq curiosamente a ideia de radical como ""ir à raiz"" me é muito familiar.";Opiniao e Elogio
Parabéns Sabrina! Não perco um vídeo seu...aprendo muito!;Elogio
Sabrina, seus vídeos são fantásticos. Sempre acompanho o canal com entusiasmo. Sobre a questão da radicalidade, o que você acha de grupos como o próprio PCB e a corrente Revolução Brasileira dentro do nosso PSOL com a insistência de construirmos a revolução?;Elogio e Duvida
Dúvida sobre instransigência: ela acontece também na direita. E aí o que acontece? Um coloca fogo no outro?;Duvida
"Muito bom! E tem aquelas pessoas, que trabalharam, economizaram, compraram umas casinhas e colocaram em aluguel, umas salinhas comerciais, também, pra melhorar sua renda na aposentadoria, e até acham estarem acima dos pobres mortais, que depende da mixaria do INSS. Pois estes, vão ver o país reduzir tanto, que seus alugueres reduzirão, entrarão em dívida a ser executada... porque quando a exploração é muita, todos perdem. 
Apenas em exemplo, dentro da sociedade, dos que dependem deste país, e somos muitos.";Opiniao e Elogio
Sabrina, o que é normal? O que é anormal? Pergunta sincera, buscando compreender. Vejo que as reflexões da esquerda absorveram essa questão do normal/patológico que são conceitos construídos para sustentar o sistema capitalista. É juízo de valor e, ao meu ver, precisa ser balançado de forma radical também.;Duvida
Alguém pode editar a legenda desse vídeo, para que fique acessível às pessoas surdas?;Sugestao
"Sabrina, como seria um governo de um presidente realmente dê esquerda??

Excelente sua análise sobre a previdência!";Elogio e Duvida
Muito bom ouvir isso! Muita lucidez e particularmente inspirada!;Opiniao e Elogio
"Sabrina, vc recomenda alguma leitura do Gramsci a respeito da ""intransigência""?";Duvida
sabrina, muito obrigada pela coerência e coragem sempre! eu tenho uma dúvida (e aí qualquer um pode me responder). como fazer a defesa das cotas em universidades públicas sendo radical, sendo que o nosso horizonte significa, por exemplo, abolir esse processo seletivo?;Elogio e Duvida
Sugestão adicional sobre a questão da previdência, vídeo do Le Monde: https://www.youtube.com/watch?v=sNB_OLZ4lJ4;Sugestao
vale ressaltar ainda o comportamento de gays misóginos que, mts vezes, acham que a sexualidade é um cartão verde pra praticar (um outro nível de) machismo;Critica e Opiniao
Sabrina, muito obrigado! Esse vídeo me ajudará muito a desconstruir o machismo, que ainda existe mim!;Opiniao e Elogio
"Eu fazer parte de um grupo que se beneficia de alguma forma por exemplo, homens tem privilégios, isso não me faz machista
Machismo vem do pressuposto de Sexismo(Que seria o termo correto), no qual, se eu acho que o gênero oposto é inferior ao meu, e eu acredito que tenho liberdade pra fazer o que quiser com eles. Eu sou sexista/machista
Agora se eu sou privilegiado de alguma forma à respeito disso, não está diretamente relacionado à eu ser machista, ja que eu posso nao concordar com isso";Critica e Opiniao
Genial, parabéns pelo vídeo. E obrigado por compartilhar o conhecimento.;Elogio
"Professora, tem como fazer uma versão ""toalha"" desse vídeo pra eu poder sair esfregando na cara dos brothers que não param pra falar sobre machismo? Do brother que solta piadinha sexista velha e sem graça ao maluco que faz pouco caso de opressão que ELE não sofre. Por aí. Ps. obg por ter trocado a música de fundo";Sugestao e Duvida
Acho que seria importante fazer um vídeo sobre homens queer, pois estamos em um lugar específico nessas questões que envolvem o patriarcado, machismo, sexismo que demanda um olhar interseccional de análise. Acredito que irá complementar e enriquecer o debate.;Sugestao e Opiniao
"Diga a um negro, trabalhador e de classe média que ""os negros são pobres e por isso se tornam criminosos"". QUE TIPO DE REAÇÃO VOCÊ ESPERA? Sério mesmo que você acha que ""a maioria"" dos homens abusam de mulheres bêbadas na balada? Reflita sobre o que você fala.";Odio e Critica
"Só gratidão a oferecer à este vídeo. Sim, reflexões foram feitas (algumas já ""estacionadas"" a um bom tempo), e posteriormente atitudes serão tomadas corrobando-se à elas. Grato pelo vídeo, parabéns pelo canal.";Opiniao e Elogio
Somos efeito do nosso inconsciente. Portanto, eu não acredito em homem desconstruído. Pra mim a desconstrução vai ser eterna. Eu mesmo, apesar de todas minhas leituras, tenho pensamentos machistas as vezes, ou até mesmo descaso (quando você disse que os homens pulavam seus vídeos sobre feminismo, eu me identifiquei, porque já fiz isso). O importante é sempre escutarmos como você bem falou, refletirmos e nos sensibilizarmos pra sermos pessoas melhores. Seu conteúdo é incrível, virei fã.;Opiniao e Elogio
Caralho, como eu fui babaca todos esses anos, e o pior, achando que estava ajudando em alguma coisa, mas percebi que a única coisa que ajudei foi a querer inflar ainda mais o meu ego. Que vergonha disso! Mas obrigado por fazer igual àquele cara do Bird Box e abrir os meus olhos!;Elogio e Critica
Mano que vídeo fodaaaaaa, cheguei no seu canal agora e já adorei, aprendendo bastante com vc.;Elogio
Obrigada, Sabrina, mais uma vez! Eu me enrolo toda vez que tendo explicar isso pra alguém. Agora, com a tua didática, ficou bem mais fácil :);Elogio
E as mulheres que quando exercem uma posição de poder, buscam atacar essa estrutura machista, tornando-se algo semelhante ao homem machista, contudo, em uma versão feminina?;Critica
Uberização da vida, como se fosse escolha ter uma vida miserável dessa;Critica e Opiniao
"Morte à Uberização do trabalho. Cria-se uma ideia de ""empreendedor""... Nada mais que uma falácia";Critica
Muito bom, estava faltando um vídeo sobre Sociologia do Trabalho.Parabéns, queremos mais!;Elogio e Sugestao
A superexploração da força de trabalho comendo solta!!;Critica e Opiniao
Uma sugestão, pelo fato de você ter estudado no Canadá (até onde me lembro ) poderia fazer um vídeo comparando as formas de trabalho entre os dois países. Em tempo, se no Brasil Uber e outros aplicativos a situação pra a população iria melhorar ou piorar? Eis a questão.;Sugestao
"O vídeo mostra toda uma problemática e nenhuma solução.
Qual seria a solução?";Duvida e Critica
Oi Sabrinaa :D Então, eu n sei se vc ja sabe mas vou falar caso não saiba. Colocar muitos links na descrição do vídeo prejudica o ranqueamento e a entrega dos seus vídeos, porque o algoritmo não entende direito o que você ta querendo dizer e afins. Daí é menos pior se você colocar em um comentário fixado, que atrapalha, porém menos, porque é super importante colocar as fontes, inclusive esse é um dos motivos que me fazem amar seu canal.;Elogio e Sugestao
E o que podemos fazer,Sabrina, sobre isso?;Duvida
"cho bonito a Esquerda se sensibilizando com isso, mas, tudo bem, vamos lá eliminar esses apps... agora quem souber por favor me diga: o que essas pessoas vão fazer? Vão passar fome? 
Além disso, tem profissão de nível superior regulamentada aqui no Brasil (pelas autarquias, que cobram uma taxa de R$700 só pra pessoa poder trabalhar legalmente) em que a cooperativa paga R$6 por 40-60 min de trabalho. Sem vínculo empregatício. 
Ou seja, no mês ruim (R$2000) um entregador desse ganha mais que uma pessoa que estudou 5 anos pra exercer uma profissão.";Critica e Opiniao
Como sei que você tem formação em economia, fiquei intrigado que ainda não vi nada tão desenvolvido por você a respeito da reforma da previdência, digo, rebatendo os argumentos (e o terrorismo) neoliberais no tema. Acredito que essa disputa de narrativa tem sido cada dia mais necessária no país diante da imposição de consenso promovida pelo governo e monopólios de mídia etc. Chuto que você deva estar completamente abarrotada com a militância e os corres do livro, mas tenho muita curiosidade na forma que você abordaria a questão como economista.. Abraços!;Sugestao e Critica
"Entendi e concordo com a precarização do trabalho. Mas minha pergunta é: 
- Não seria pior se não houvessem tais possibilidades? 
(Visto que ainda com todos os problemas são fonte de renda para milhões de pessoas no cenário atual?)";Duvida
Reflexão muito interessante. Um tema relacionado para um próximo vídeo é a questão da automação. Como ela torna a maioria dos trabalhadores obsoletos, consequências para a sociedade e possíveis soluções.;Opiniao e Elogio
Que explicação incrível.;Elogio
"Oi, meu amor. Obrigada por esse olhar marxista... Vamos tirar esse véu de ""gerar mais empregos"", e vamos nos perguntar: que empregos? Que condições? Você é genial. Obrigada pela sua existência! <3";Opiniao e Elogio
"Ah gente, editem a legenda desses dois videos, por favorrrrrr.
Sou Surda bilíngue, mestranda em Serviço Social é acompanho aqui o canal da Sabrina, mas infelizmente nem todos os videos tem legenda... então, só consigo assistir os que tem.
A legenda automática é muito ruim, devido aos erros e falta de pontuação.";Sugestao e Opiniao
Você tá falando bem mais pausado, tá bem mais legal sim!;Opiniao e Elogio
cansei de ver homens de esquerda sendo machistas. Gente de sindicato de professores universitários defendendo abuso sexual e psicológico, claro entre homens (professores, sindicalizados e universitários). Isso é horrível. Minha esquerda é benjaminiana, há sempre a necessidade de usarmos o anjo da história para refletir sobre os derrotados e os silenciados a cada nova síntese histórica. Precisamos aceitar novas identidades, elas vão surgir e estarão ai e ponto. Olhemos mais para os derrotados da história (geralmente os silenciados) .;Critica
Sabrina, vale a pena dialogar com um boçal que acredita em pepsi sabor feto? Olavo é um imbecil completo. Dialogar com ele não seria abrir um espaço de promoção para alguém que deveria ser repudiado?;Duvida
O maior problema dessa pauta identitária aqui no Brasil é justamente o fato de não ser uma coisa brasileira. Toda esquerda européia e a nova esquerda norteamericana adora pautar as pessoas pelo seu gênero, cor da pele ou opção sexual e esquece de dizer com clareza se é a favor ou não do Socialismo e da tomada do poder pela classe trabalhadora. Muita gente que é antibolsonaro não é necessáriamente antineoliberal e isso PARA MIM é um problema se você enxerga que o maior problema do Brasil é a desigualdade social.;Critica e Opiniao
Você me ajuda muito, obrigada!! Não tive acesso a informações acadêmicas, e assistir seus vídeos me leva a reflexões que jamais fui capaz de imaginar. Agradeço;Elogio
Os tontinhos sempre caem no título do vídeo kkkkk, agora a esquerda YouTuber foi igualzinha a direita no artigo do Jesus pedófilo. Muito engraçado.;Odio e Critica
Discordo de praticamente tudo. Exceto pela parte de ser fan de Doctor Who <3;Critica
Cara parabéns pelo seu canal seus vídeos são excelentes sou estudante neoliberal, mas mesmo com pensamentos diferentes admiro muito a forma com que você argumenta se existisse mais esquerdistas como você poderíamos ter melhores diálogos.Eu gostaria saber qual a possibilidade de fazermos um vídeo juntos. Abraços!!;Opiniao e Elogio
Discordamos em diversos pontos pelo fato de eu ser um Ancap, mas seus vídeos são ótimos =) ... Parabéns;Elogio e Critica
"Estado Capitalista? Kkk"" teoria de papel alumínio em.";Critica
Quando vc fala capitalismo, se refere ao corporativismo, ou livre mercado?;Duvida
Como vc refuta o argumento de que a propriedade privada é um conceito apriorístico, justificado pelo raciocínio de que um objeto produzido não existiria sem o produtor, de sorte que seria eticamente legítimo que uma pessoa tenha como seu o terreno onde lavrou e construiu (que seria como uma extensão da sua pessoa)?;Duvida e Critica
Muito bons seus vídeos, Queria que tivessem mais visibilidade.;Opiniao e Elogio
"ala sobre democracia direta, acho que é o único governo coerente com a ""ditadura do proletariado"" no socialismo, ou seja, democracia direta que é onde a população decide as coisas, sem merda de representantes, será ditadura do proletariado pq a maioria da população é operária.";Critica e Opiniao
"""estado capitalista"" kkkkkkk Não existe estado capitalista! O estado taxa, regula e burocratiza a vida dos indivíduos, como pode ser chamado de capitalista se ele impede a liberdade das pessoas? o q existe são níveis de liberdade, quanto mais livre e menor é o estado, mais capitalista o país é. É tipo dizer que um ladrão que rouba uma sapataria todo mês é um sapateiro.";Odio e Critica
"Minha filha, você é tão bonita, procure pensar pela própria cabeça, use a sua inteligência em vez de ficar repetindo toda esta lenga-lenga surrada, ultrapassada e fossilizada, que eu já ouvia há quase 50 anos (!!!) nos meus tempos de faculdade, e se livre de toda esta doutrinação e lavagem cerebral que te fizeram, e que continua a só ser possível mesmo num país subdesenvolvido por convicção como este aqui ( aos 19 anos eu já dizia isto... ). De um velho médico ginecologista de 68 anos, escritor, artista visual, músico e, politicamente... antiestatista e anarco-libertário desde que me entendo por mim. E ainda vim dos gloriosos tempos do chamado ""underground"" e da ""contracultura"" nas décadas de 60 e 70. Vivi muito e vi muitas coisa. Abraço. P.S.: Creio ser desnecessário dizer, mas NÃO TENHO VINCULAÇÃO COM NENHUM PARTIDO POLÍTICO dentro do sistema. Abomino a político tradicional.";Odio e Critica
Tão bonita... da até pena;Odio
Discordo de tudo que você fala, mas não pude deixar de dar like só porque você é linda hahaha. Parece até uma mina da direita. Parabéns!;Odio
Jovem da elite falando sobre Karl Marx?;Odio e Critica
Acredito que seria muito bom definir o conceito de Livre Mercado, Capitalismo, Socialismo e Comunismo em um dos seus videos, você é acompanhada por muitos liberais/libertários e dizer que o Brasil é um estado majoritariamente capitalista, para nós liberais/libertários, chega até ser um soco no estomago.;Sugestao e Opiniao
"Como tem tanta gente falando besteira, gente falando que o estado não e capitalista, que não quer ceder a propriedade pra ninguem e coisas do tipo, parece que nem assistiram o video da moça e não entenderam do que se trata, se querem ""provar"" que o estado burgues não e capitalista, leiam marx, durkheim e outros sociologos e debatam de verdade, sem birra de falso surdo e chacotas vazias";Critica
"""Economistas de esquerda"" esses canais de esquerda são mais engraçados do que stand up.";Critica
Parabéns, a esquerda tem q fazer canal sim! Chega de ancaps;Opiniao e Elogio
Cada vídeo uma aula e uma oportunidade de repensar as nossas estratégias. Fico feliz que vc tenha organizado todo esse conteúdo e pensamento crítico, que dialogam essencialmente com os meus valores. Antes do Tese Onze não tinha ideia de por onde começar a nomear esses incômodos. Muito menos da forma leve como vc faz. :) grata por isso!;Opiniao e Elogio
